DROP DATABASE company;

CREATE DATABASE company;

USE company;

CREATE TABLE Customer(
	CustID int not null auto_increment primary key,
	CustFName varchar(20),
	CustLName varchar(30),
	CustAddress varchar(100),
	CustCity varchar(50),
	CustState varchar(50),
	CustZip INT(5),
	Username varchar(50),
	Password varchar(100),
	Email varchar(100),
	PhoneNumber varchar(13),
	SocialSecurity varchar(20),
	PassHash varchar(40)
);

CREATE TABLE PaymentInfo(
	PaymentID int not null auto_increment primary key,
	CardNumber bigint(30),
	NameOnCard varchar(50),
	ExpirationDate DATE,
	PaymentType varchar(20)
);

CREATE TABLE Product(
	PrdID int not null auto_increment primary key,
	PrdName varchar(100),
	PrdDescription TEXT,
	PrdCost varchar(25)	
);

CREATE TABLE Hotel(
	BuildingID int not null auto_increment primary key,
	City varchar(50),
	Zip int(5)	
);

CREATE TABLE Room(
    RoomID int not null auto_increment primary key,
    RoomNum INT,
    RoomType VARCHAR(50),
    NumBeds int,
    BedType VARCHAR(50),
	BuildingID int,
    FOREIGN KEY (BuildingID) REFERENCES Hotel (BuildingID)
);

create table RoomAmenities(
    AmenityID int not null auto_increment primary key,
    AmenityName VARCHAR(50),
	RoomID int,
    foreign key (RoomID) references Room(RoomID)
);

create table Reservation(
	RestID int not null auto_increment primary key,
    DateStart date,
    DateEnd Date,
    BuildingLocation VARCHAR(100),
    BuildingZip int(5),
	BuildingID int,
    foreign key (BuildingID) references Hotel(BuildingID)
);

create table RoomsReserved(
	foreign key (RestID) references Reservation(RestID),
    foreign key (RoomID) references Room(RoomID),
    primary key (RoomID, RestID),
	RoomID int,
	RestID int
);

create table Orders(
	OrderID int not null auto_increment primary key,
    OrdCost varchar(20),
    OrdTax varchar(20),
	PaymentID int,
	CustID int,
	RestID int,
    foreign key (PaymentID) references PaymentInfo(PaymentID),
    foreign key (CustID) references Customer(CustID),
    foreign key (RestID) references Reservation(RestID)
);

create table ProductsForOrder(
	foreign key (OrderID) references Orders(orderID),
    foreign key (PrdID) references Product(PrdID),
    primary key (PrdID, OrderID),
	OrderID int,
	PrdID int
);

insert into Customer (CustID, CustFName, CustLName, CustAddress, CustCity, CustState, CustZip, Username, Password, Email, PhoneNumber, SocialSecurity, PassHash) values (1, 'Carlos', 'Rivenzon', '3 Shelley Lane', 'San Francisco', 'California', '94154', 'crivenzon0', '4qdHIYBswQ', 'crivenzon0@state.tx.us', '415-196-5551', '227-82-3829', null);
insert into Customer (CustID, CustFName, CustLName, CustAddress, CustCity, CustState, CustZip, Username, Password, Email, PhoneNumber, SocialSecurity, PassHash) values (2, 'Titus', 'Schubuser', '207 Wayridge Place', 'Honolulu', 'Hawaii', '96825', 'tschubuser1', 'BniHeN', 'tschubuser1@cmu.edu', '808-346-1609', '484-68-2517', null);
insert into Customer (CustID, CustFName, CustLName, CustAddress, CustCity, CustState, CustZip, Username, Password, Email, PhoneNumber, SocialSecurity, PassHash) values (3, 'Ferd', 'Gemson', '77042 Briar Crest Alley', 'Scranton', 'Pennsylvania', '18505', 'fgemson2', 'SuNVCF3', 'fgemson2@earthlink.net', '570-494-8478', '702-09-4542', null);
insert into Customer (CustID, CustFName, CustLName, CustAddress, CustCity, CustState, CustZip, Username, Password, Email, PhoneNumber, SocialSecurity, PassHash) values (4, 'Man', 'Kinsella', '127 Ludington Alley', 'Bethesda', 'Maryland', '20816', 'mkinsella3', 'RBkOnugjWQB', 'mkinsella3@biblegateway.com', '240-940-2647', '498-07-7711', null);
insert into Customer (CustID, CustFName, CustLName, CustAddress, CustCity, CustState, CustZip, Username, Password, Email, PhoneNumber, SocialSecurity, PassHash) values (5, 'Carter', 'Wibberley', '14 Arkansas Terrace', 'Pensacola', 'Florida', '32595', 'cwibberley4', '0nA5LeZt', 'cwibberley4@sohu.com', '850-394-4357', '741-15-5102', null);
insert into Customer (CustID, CustFName, CustLName, CustAddress, CustCity, CustState, CustZip, Username, Password, Email, PhoneNumber, SocialSecurity, PassHash) values (6, 'Susanne', 'Gerold', '6 Lakewood Gardens Drive', 'Richmond', 'Virginia', '23260', 'sgerold5', '1czBqxz8PBgJ', 'sgerold5@ft.com', '804-937-6073', '641-19-5529', null);
insert into Customer (CustID, CustFName, CustLName, CustAddress, CustCity, CustState, CustZip, Username, Password, Email, PhoneNumber, SocialSecurity, PassHash) values (7, 'Hastings', 'Marquis', '6 Oak Place', 'Houston', 'Texas', '77075', 'hmarquis6', 'GGVaS1RfM', 'hmarquis6@dailymotion.com', '281-286-1893', '472-64-3827', null);
insert into Customer (CustID, CustFName, CustLName, CustAddress, CustCity, CustState, CustZip, Username, Password, Email, PhoneNumber, SocialSecurity, PassHash) values (8, 'Eve', 'Plunkett', '19447 Hoepker Parkway', 'Philadelphia', 'Pennsylvania', '19104', 'eplunkett7', '8J47y455L', 'eplunkett7@cyberchimps.com', '267-763-3452', '671-52-2614', null);
insert into Customer (CustID, CustFName, CustLName, CustAddress, CustCity, CustState, CustZip, Username, Password, Email, PhoneNumber, SocialSecurity, PassHash) values (9, 'Kennett', 'McGinley', '34833 Aberg Drive', 'Norman', 'Oklahoma', '73071', 'kmcginley8', 'ep1ThX4', 'kmcginley8@wufoo.com', '405-112-4182', '230-22-8485', null);
insert into Customer (CustID, CustFName, CustLName, CustAddress, CustCity, CustState, CustZip, Username, Password, Email, PhoneNumber, SocialSecurity, PassHash) values (10, 'Casie', 'Treleven', '24304 Tennessee Center', 'Fort Worth', 'Texas', '76121', 'ctreleven9', 'm9D5uisWXFC', 'ctreleven9@spiegel.de', '817-477-9881', '712-43-9373', null);
insert into Customer (CustID, CustFName, CustLName, CustAddress, CustCity, CustState, CustZip, Username, Password, Email, PhoneNumber, SocialSecurity, PassHash) values (11, 'Mickey', 'Real', '92350 Gulseth Parkway', 'Roanoke', 'Virginia', '24004', 'mreala', '3hc8hcg4', 'mreala@macromedia.com', '540-906-3321', '449-39-1750', null);
insert into Customer (CustID, CustFName, CustLName, CustAddress, CustCity, CustState, CustZip, Username, Password, Email, PhoneNumber, SocialSecurity, PassHash) values (12, 'Meryl', 'Carberry', '121 Artisan Plaza', 'New Haven', 'Connecticut', '06510', 'mcarberryb', 'qYYs3GHSRu', 'mcarberryb@usnews.com', '203-557-2360', '127-16-1895', null);
insert into Customer (CustID, CustFName, CustLName, CustAddress, CustCity, CustState, CustZip, Username, Password, Email, PhoneNumber, SocialSecurity, PassHash) values (13, 'Angeline', 'Jennemann', '598 Cottonwood Lane', 'Silver Spring', 'Maryland', '20910', 'ajennemannc', 'Li1BjPpVQPX', 'ajennemannc@angelfire.com', '301-662-0872', '160-44-8352', null);
insert into Customer (CustID, CustFName, CustLName, CustAddress, CustCity, CustState, CustZip, Username, Password, Email, PhoneNumber, SocialSecurity, PassHash) values (14, 'Jeremiah', 'Benion', '2 Delaware Court', 'Young America', 'Minnesota', '55557', 'jbeniond', 'HZASxd9bBey', 'jbeniond@a8.net', '952-145-7196', '880-73-7590', null);
insert into Customer (CustID, CustFName, CustLName, CustAddress, CustCity, CustState, CustZip, Username, Password, Email, PhoneNumber, SocialSecurity, PassHash) values (15, 'Gary', 'Tort', '22691 Bultman Road', 'Fort Collins', 'Colorado', '80525', 'gtorte', 'cP5lenOaW', 'gtorte@123-reg.co.uk', '970-826-1216', '470-47-7795', null);
insert into Customer (CustID, CustFName, CustLName, CustAddress, CustCity, CustState, CustZip, Username, Password, Email, PhoneNumber, SocialSecurity, PassHash) values (16, 'Cammy', 'Carleman', '066 Thompson Trail', 'Largo', 'Florida', '34643', 'ccarlemanf', 'lsVHeJ0MKy', 'ccarlemanf@unicef.org', '727-572-8227', '687-08-8665', null);
insert into Customer (CustID, CustFName, CustLName, CustAddress, CustCity, CustState, CustZip, Username, Password, Email, PhoneNumber, SocialSecurity, PassHash) values (17, 'Odille', 'Gianolo', '7546 Pine View Junction', 'Des Moines', 'Iowa', '50330', 'ogianolog', 'AX9Am4iisYv', 'ogianolog@ted.com', '515-289-8332', '331-27-9166', null);
insert into Customer (CustID, CustFName, CustLName, CustAddress, CustCity, CustState, CustZip, Username, Password, Email, PhoneNumber, SocialSecurity, PassHash) values (18, 'Aldis', 'Whitcombe', '67 Hoffman Parkway', 'Punta Gorda', 'Florida', '33982', 'awhitcombeh', 'FW4lP24Nn1lH', 'awhitcombeh@chicagotribune.com', '941-610-3476', '122-58-6483', null);
insert into Customer (CustID, CustFName, CustLName, CustAddress, CustCity, CustState, CustZip, Username, Password, Email, PhoneNumber, SocialSecurity, PassHash) values (19, 'Dyana', 'Stanwix', '2685 Loeprich Terrace', 'Tampa', 'Florida', '33694', 'dstanwixi', 'Ie8P6zPc6g3', 'dstanwixi@sitemeter.com', '813-427-3188', '705-56-2280', null);
insert into Customer (CustID, CustFName, CustLName, CustAddress, CustCity, CustState, CustZip, Username, Password, Email, PhoneNumber, SocialSecurity, PassHash) values (20, 'Randolph', 'Blindt', '066 Boyd Parkway', 'Largo', 'Florida', '34643', 'rblindtj', 'TinWZ8', 'rblindtj@t-online.de', '727-661-8073', '567-97-5629', null);
insert into Customer (CustID, CustFName, CustLName, CustAddress, CustCity, CustState, CustZip, Username, Password, Email, PhoneNumber, SocialSecurity, PassHash) values (21, 'Norean', 'Pareman', '096 Gulseth Pass', 'Albuquerque', 'New Mexico', '87190', 'nparemank', '2RzI7bNuiwl', 'nparemank@sfgate.com', '505-157-3746', '791-67-2895', null);
insert into Customer (CustID, CustFName, CustLName, CustAddress, CustCity, CustState, CustZip, Username, Password, Email, PhoneNumber, SocialSecurity, PassHash) values (22, 'Sullivan', 'Ronayne', '6860 Corscot Alley', 'Tacoma', 'Washington', '98424', 'sronaynel', 'Du5MzQFf32fi', 'sronaynel@alexa.com', '253-583-1583', '454-17-5222', null);
insert into Customer (CustID, CustFName, CustLName, CustAddress, CustCity, CustState, CustZip, Username, Password, Email, PhoneNumber, SocialSecurity, PassHash) values (23, 'Zacharia', 'Rittmeyer', '040 Schlimgen Junction', 'Tampa', 'Florida', '33694', 'zrittmeyerm', '6wannsyGARq', 'zrittmeyerm@foxnews.com', '813-353-5010', '465-25-2856', null);
insert into Customer (CustID, CustFName, CustLName, CustAddress, CustCity, CustState, CustZip, Username, Password, Email, PhoneNumber, SocialSecurity, PassHash) values (24, 'Danyelle', 'Wharfe', '090 Ridgeview Alley', 'Milwaukee', 'Wisconsin', '53263', 'dwharfen', 'yGcWKFS4', 'dwharfen@omniture.com', '414-650-4022', '769-37-7050', null);
insert into Customer (CustID, CustFName, CustLName, CustAddress, CustCity, CustState, CustZip, Username, Password, Email, PhoneNumber, SocialSecurity, PassHash) values (25, 'Delores', 'Behnke', '364 Chinook Avenue', 'Cincinnati', 'Ohio', '45243', 'dbehnkeo', 'vPEafxk6JsHY', 'dbehnkeo@is.gd', '513-780-7944', '686-40-4095', null);
insert into Customer (CustID, CustFName, CustLName, CustAddress, CustCity, CustState, CustZip, Username, Password, Email, PhoneNumber, SocialSecurity, PassHash) values (26, 'Doro', 'Gonet', '22 Forest Dale Way', 'Peoria', 'Illinois', '61635', 'dgonetp', 'MdO243Lf6', 'dgonetp@chron.com', '309-159-4437', '384-96-8534', null);
insert into Customer (CustID, CustFName, CustLName, CustAddress, CustCity, CustState, CustZip, Username, Password, Email, PhoneNumber, SocialSecurity, PassHash) values (27, 'Angelle', 'Poschel', '817 Burrows Hill', 'Fort Collins', 'Colorado', '80525', 'aposchelq', '8iixVM', 'aposchelq@arizona.edu', '970-253-1514', '354-71-2973', null);
insert into Customer (CustID, CustFName, CustLName, CustAddress, CustCity, CustState, CustZip, Username, Password, Email, PhoneNumber, SocialSecurity, PassHash) values (28, 'Vladamir', 'Stidston', '4435 Muir Lane', 'Trenton', 'New Jersey', '08608', 'vstidstonr', 'ooN4qZo2', 'vstidstonr@ft.com', '609-347-3896', '485-34-0905', null);
insert into Customer (CustID, CustFName, CustLName, CustAddress, CustCity, CustState, CustZip, Username, Password, Email, PhoneNumber, SocialSecurity, PassHash) values (29, 'Adeline', 'Hawse', '8255 Thompson Court', 'Amarillo', 'Texas', '79188', 'ahawses', 'r2PTwTPyj63', 'ahawses@accuweather.com', '806-154-1023', '314-16-8243', null);
insert into Customer (CustID, CustFName, CustLName, CustAddress, CustCity, CustState, CustZip, Username, Password, Email, PhoneNumber, SocialSecurity, PassHash) values (30, 'Godwin', 'Brimmell', '58515 Commercial Circle', 'San Diego', 'California', '92170', 'gbrimmellt', '5qBTgdk6J0', 'gbrimmellt@a8.net', '619-533-2462', '887-39-7548', null);
insert into Customer (CustID, CustFName, CustLName, CustAddress, CustCity, CustState, CustZip, Username, Password, Email, PhoneNumber, SocialSecurity, PassHash) values (31, 'Moss', 'MacGuffie', '686 Declaration Avenue', 'Peoria', 'Illinois', '61656', 'mmacguffieu', 'fkXnRjUKx56', 'mmacguffieu@jalbum.net', '309-600-5961', '622-50-3449', null);
insert into Customer (CustID, CustFName, CustLName, CustAddress, CustCity, CustState, CustZip, Username, Password, Email, PhoneNumber, SocialSecurity, PassHash) values (32, 'Iggie', 'Grandison', '145 Summer Ridge Junction', 'Hartford', 'Connecticut', '06120', 'igrandisonv', 'crqlt2cqZ', 'igrandisonv@i2i.jp', '860-380-0976', '378-90-6205', null);
insert into Customer (CustID, CustFName, CustLName, CustAddress, CustCity, CustState, CustZip, Username, Password, Email, PhoneNumber, SocialSecurity, PassHash) values (33, 'Fannie', 'Braden', '42 Thackeray Lane', 'San Jose', 'California', '95194', 'fbradenw', 'EBzO72', 'fbradenw@tripod.com', '408-644-8397', '875-49-6463', null);
insert into Customer (CustID, CustFName, CustLName, CustAddress, CustCity, CustState, CustZip, Username, Password, Email, PhoneNumber, SocialSecurity, PassHash) values (34, 'Emalee', 'Samwyse', '740 Clyde Gallagher Road', 'Philadelphia', 'Pennsylvania', '19125', 'esamwysex', 'Bk27Zja', 'esamwysex@purevolume.com', '215-883-6495', '744-95-3224', null);
insert into Customer (CustID, CustFName, CustLName, CustAddress, CustCity, CustState, CustZip, Username, Password, Email, PhoneNumber, SocialSecurity, PassHash) values (35, 'Dona', 'Sells', '586 Corry Park', 'Bradenton', 'Florida', '34210', 'dsellsy', '9JSR4N', 'dsellsy@flickr.com', '941-570-7155', '225-02-4219', null);
insert into Customer (CustID, CustFName, CustLName, CustAddress, CustCity, CustState, CustZip, Username, Password, Email, PhoneNumber, SocialSecurity, PassHash) values (36, 'Helaina', 'Simester', '72 Glendale Circle', 'San Jose', 'California', '95128', 'hsimesterz', 'iBxTUDeGk9p', 'hsimesterz@gnu.org', '714-508-7792', '228-85-7201', null);
insert into Customer (CustID, CustFName, CustLName, CustAddress, CustCity, CustState, CustZip, Username, Password, Email, PhoneNumber, SocialSecurity, PassHash) values (37, 'Billie', 'Yanne', '084 Hanson Road', 'Los Angeles', 'California', '90189', 'byanne10', 'NzL07fjA4KTD', 'byanne10@bluehost.com', '213-622-3521', '214-04-8546', null);
insert into Customer (CustID, CustFName, CustLName, CustAddress, CustCity, CustState, CustZip, Username, Password, Email, PhoneNumber, SocialSecurity, PassHash) values (38, 'Jobina', 'Larcher', '7 Erie Road', 'Fort Wayne', 'Indiana', '46814', 'jlarcher11', '7fbpHRU4gzc', 'jlarcher11@nba.com', '260-332-6313', '266-81-2400', null);
insert into Customer (CustID, CustFName, CustLName, CustAddress, CustCity, CustState, CustZip, Username, Password, Email, PhoneNumber, SocialSecurity, PassHash) values (39, 'Leta', 'Weatherell', '73869 Ryan Street', 'El Paso', 'Texas', '88530', 'lweatherell12', 'BShOY3h', 'lweatherell12@ebay.co.uk', '915-438-4927', '259-99-7825', null);
insert into Customer (CustID, CustFName, CustLName, CustAddress, CustCity, CustState, CustZip, Username, Password, Email, PhoneNumber, SocialSecurity, PassHash) values (40, 'Harold', 'Lanahan', '58603 Commercial Pass', 'Mobile', 'Alabama', '36689', 'hlanahan13', 'qKrd0VS', 'hlanahan13@163.com', '251-620-4891', '285-47-3384', null);
insert into Customer (CustID, CustFName, CustLName, CustAddress, CustCity, CustState, CustZip, Username, Password, Email, PhoneNumber, SocialSecurity, PassHash) values (41, 'Jamison', 'De-Ville', '0128 Shasta Place', 'Charleston', 'West Virginia', '25326', 'jdeville14', 'zyCKm2VI5', 'jdeville14@devhub.com', '304-339-0704', '652-70-9270', null);
insert into Customer (CustID, CustFName, CustLName, CustAddress, CustCity, CustState, CustZip, Username, Password, Email, PhoneNumber, SocialSecurity, PassHash) values (42, 'Avram', 'Bank', '32 Goodland Hill', 'Long Beach', 'California', '90831', 'abank15', 'av2pnH', 'abank15@spotify.com', '562-505-9125', '669-16-2360', null);
insert into Customer (CustID, CustFName, CustLName, CustAddress, CustCity, CustState, CustZip, Username, Password, Email, PhoneNumber, SocialSecurity, PassHash) values (43, 'Julienne', 'Zimmermeister', '8967 Merry Parkway', 'Las Vegas', 'Nevada', '89193', 'jzimmermeister16', 'hxBz43BzZ', 'jzimmermeister16@msn.com', '702-783-5945', '871-94-4888', null);
insert into Customer (CustID, CustFName, CustLName, CustAddress, CustCity, CustState, CustZip, Username, Password, Email, PhoneNumber, SocialSecurity, PassHash) values (44, 'Linet', 'Fines', '62484 Sauthoff Point', 'Honolulu', 'Hawaii', '96845', 'lfines17', '2ZccvB', 'lfines17@hao123.com', '808-414-1867', '765-61-1485', null);
insert into Customer (CustID, CustFName, CustLName, CustAddress, CustCity, CustState, CustZip, Username, Password, Email, PhoneNumber, SocialSecurity, PassHash) values (45, 'Brigit', 'Dulin', '4 Susan Street', 'Winston Salem', 'North Carolina', '27105', 'bdulin18', '0bgSUx1zNV', 'bdulin18@jigsy.com', '336-265-3689', '837-37-3571', null);
insert into Customer (CustID, CustFName, CustLName, CustAddress, CustCity, CustState, CustZip, Username, Password, Email, PhoneNumber, SocialSecurity, PassHash) values (46, 'Harrie', 'Snewin', '886 Fordem Junction', 'Youngstown', 'Ohio', '44505', 'hsnewin19', 'WG8b5QRWetBo', 'hsnewin19@lulu.com', '330-307-0806', '137-91-1026', null);
insert into Customer (CustID, CustFName, CustLName, CustAddress, CustCity, CustState, CustZip, Username, Password, Email, PhoneNumber, SocialSecurity, PassHash) values (47, 'Charmine', 'Becks', '262 Miller Place', 'Washington', 'District of Columbia', '20062', 'cbecks1a', '6gQP53fyB', 'cbecks1a@biblegateway.com', '202-764-7579', '157-71-6275', null);
insert into Customer (CustID, CustFName, CustLName, CustAddress, CustCity, CustState, CustZip, Username, Password, Email, PhoneNumber, SocialSecurity, PassHash) values (48, 'Daisey', 'Wanell', '848 Carberry Place', 'Prescott', 'Arizona', '86305', 'dwanell1b', '1yNHtrkAmbB', 'dwanell1b@cornell.edu', '928-925-8657', '137-15-2670', null);
insert into Customer (CustID, CustFName, CustLName, CustAddress, CustCity, CustState, CustZip, Username, Password, Email, PhoneNumber, SocialSecurity, PassHash) values (49, 'Jerry', 'Barmadier', '95569 Glacier Hill Point', 'Chicago', 'Illinois', '60630', 'jbarmadier1c', 'cbmpBgbmv', 'jbarmadier1c@tinypic.com', '312-759-0917', '688-43-9118', null);
insert into Customer (CustID, CustFName, CustLName, CustAddress, CustCity, CustState, CustZip, Username, Password, Email, PhoneNumber, SocialSecurity, PassHash) values (50, 'Danita', 'Hawkswood', '971 Anzinger Parkway', 'Port Charlotte', 'Florida', '33954', 'dhawkswood1d', 'ctATDR', 'dhawkswood1d@issuu.com', '941-991-1142', '840-27-8186', null);
insert into Customer (CustID, CustFName, CustLName, CustAddress, CustCity, CustState, CustZip, Username, Password, Email, PhoneNumber, SocialSecurity, PassHash) values (51, 'Federico', 'Bettaney', '1 Gulseth Point', 'Berkeley', 'California', '94705', 'fbettaney1e', 'enLuHqfNJVn', 'fbettaney1e@jiathis.com', '510-245-9886', '345-49-1968', null);
insert into Customer (CustID, CustFName, CustLName, CustAddress, CustCity, CustState, CustZip, Username, Password, Email, PhoneNumber, SocialSecurity, PassHash) values (52, 'Kerstin', 'Dunham', '1579 Farragut Alley', 'Miami', 'Florida', '33147', 'kdunham1f', 'iWGCJlzXXgbA', 'kdunham1f@go.com', '786-555-4561', '600-92-7333', null);
insert into Customer (CustID, CustFName, CustLName, CustAddress, CustCity, CustState, CustZip, Username, Password, Email, PhoneNumber, SocialSecurity, PassHash) values (53, 'Alfons', 'Kamiyama', '7569 Russell Parkway', 'El Paso', 'Texas', '88569', 'akamiyama1g', 'OjEjp8', 'akamiyama1g@comsenz.com', '915-343-7605', '510-50-7983', null);
insert into Customer (CustID, CustFName, CustLName, CustAddress, CustCity, CustState, CustZip, Username, Password, Email, PhoneNumber, SocialSecurity, PassHash) values (54, 'Benedikt', 'Kiehl', '86 Cardinal Park', 'Decatur', 'Georgia', '30033', 'bkiehl1h', 'uvo3b5', 'bkiehl1h@youtube.com', '678-731-3607', '682-20-8624', null);
insert into Customer (CustID, CustFName, CustLName, CustAddress, CustCity, CustState, CustZip, Username, Password, Email, PhoneNumber, SocialSecurity, PassHash) values (55, 'Kathryne', 'Jayume', '2195 Melvin Plaza', 'Sacramento', 'California', '94273', 'kjayume1i', 'OSfTEWpMmZaV', 'kjayume1i@businessweek.com', '916-131-3329', '216-63-7677', null);
insert into Customer (CustID, CustFName, CustLName, CustAddress, CustCity, CustState, CustZip, Username, Password, Email, PhoneNumber, SocialSecurity, PassHash) values (56, 'Trey', 'MacMoyer', '13840 Buhler Parkway', 'Saint Petersburg', 'Florida', '33705', 'tmacmoyer1j', 'mbFnrZQIA', 'tmacmoyer1j@histats.com', '727-564-1455', '718-85-3474', null);
insert into Customer (CustID, CustFName, CustLName, CustAddress, CustCity, CustState, CustZip, Username, Password, Email, PhoneNumber, SocialSecurity, PassHash) values (57, 'Carmine', 'Wheway', '3 Portage Park', 'Knoxville', 'Tennessee', '37939', 'cwheway1k', 'xtEkmZs5beAn', 'cwheway1k@dailymail.co.uk', '865-289-7832', '445-21-1582', null);
insert into Customer (CustID, CustFName, CustLName, CustAddress, CustCity, CustState, CustZip, Username, Password, Email, PhoneNumber, SocialSecurity, PassHash) values (58, 'Fredric', 'Forsaith', '8 Stang Street', 'Kansas City', 'Missouri', '64109', 'fforsaith1l', 'KrD4sCUy79G', 'fforsaith1l@behance.net', '816-746-3644', '739-72-0119', null);
insert into Customer (CustID, CustFName, CustLName, CustAddress, CustCity, CustState, CustZip, Username, Password, Email, PhoneNumber, SocialSecurity, PassHash) values (59, 'Brear', 'Jeandin', '09 Anthes Circle', 'Terre Haute', 'Indiana', '47812', 'bjeandin1m', 'nVJZfvmR', 'bjeandin1m@netlog.com', '812-581-1288', '436-94-3322', null);
insert into Customer (CustID, CustFName, CustLName, CustAddress, CustCity, CustState, CustZip, Username, Password, Email, PhoneNumber, SocialSecurity, PassHash) values (60, 'Maurita', 'Yewdell', '7516 Homewood Junction', 'Cleveland', 'Ohio', '44177', 'myewdell1n', '9E07Arr', 'myewdell1n@admin.ch', '440-820-4012', '292-30-3796', null);
insert into Customer (CustID, CustFName, CustLName, CustAddress, CustCity, CustState, CustZip, Username, Password, Email, PhoneNumber, SocialSecurity, PassHash) values (61, 'Galvan', 'Hanshawe', '8 Sage Circle', 'San Antonio', 'Texas', '78235', 'ghanshawe1o', 'XHuaWu', 'ghanshawe1o@webeden.co.uk', '210-281-5537', '456-77-5153', null);
insert into Customer (CustID, CustFName, CustLName, CustAddress, CustCity, CustState, CustZip, Username, Password, Email, PhoneNumber, SocialSecurity, PassHash) values (62, 'Evvie', 'Bedome', '741 Bowman Alley', 'New Haven', 'Connecticut', '06538', 'ebedome1p', 'K8FV8Eop', 'ebedome1p@stanford.edu', '203-933-6538', '749-45-1343', null);
insert into Customer (CustID, CustFName, CustLName, CustAddress, CustCity, CustState, CustZip, Username, Password, Email, PhoneNumber, SocialSecurity, PassHash) values (63, 'Erasmus', 'Meddows', '0 Sloan Trail', 'Santa Ana', 'California', '92725', 'emeddows1q', 'n0RtLvlOWbTd', 'emeddows1q@icq.com', '714-687-6945', '540-94-1261', null);
insert into Customer (CustID, CustFName, CustLName, CustAddress, CustCity, CustState, CustZip, Username, Password, Email, PhoneNumber, SocialSecurity, PassHash) values (64, 'Blinni', 'Lazell', '33517 Shoshone Parkway', 'Corpus Christi', 'Texas', '78426', 'blazell1r', 'kNpZnMTZysdL', 'blazell1r@cocolog-nifty.com', '361-182-7649', '764-68-2559', null);
insert into Customer (CustID, CustFName, CustLName, CustAddress, CustCity, CustState, CustZip, Username, Password, Email, PhoneNumber, SocialSecurity, PassHash) values (65, 'Cacilia', 'Coulter', '12 West Way', 'Augusta', 'Georgia', '30905', 'ccoulter1s', 's394uVJg', 'ccoulter1s@ask.com', '706-791-2790', '243-05-2070', null);
insert into Customer (CustID, CustFName, CustLName, CustAddress, CustCity, CustState, CustZip, Username, Password, Email, PhoneNumber, SocialSecurity, PassHash) values (66, 'Oliviero', 'Gallahue', '52 Golf View Road', 'Huntington', 'West Virginia', '25711', 'ogallahue1t', 'ofTAXPNW', 'ogallahue1t@behance.net', '304-821-1871', '455-58-5757', null);
insert into Customer (CustID, CustFName, CustLName, CustAddress, CustCity, CustState, CustZip, Username, Password, Email, PhoneNumber, SocialSecurity, PassHash) values (67, 'Myrna', 'Linscott', '8715 Heath Crossing', 'Albany', 'New York', '12255', 'mlinscott1u', 'k8cWF1Av', 'mlinscott1u@hud.gov', '518-587-1949', '861-79-8253', null);
insert into Customer (CustID, CustFName, CustLName, CustAddress, CustCity, CustState, CustZip, Username, Password, Email, PhoneNumber, SocialSecurity, PassHash) values (68, 'Wain', 'Pallin', '82514 Moose Street', 'Rochester', 'New York', '14646', 'wpallin1v', 'Et6M8pDe', 'wpallin1v@mapquest.com', '585-171-3638', '518-75-5936', null);
insert into Customer (CustID, CustFName, CustLName, CustAddress, CustCity, CustState, CustZip, Username, Password, Email, PhoneNumber, SocialSecurity, PassHash) values (69, 'Georges', 'Klezmski', '00 Graedel Lane', 'Lincoln', 'Nebraska', '68524', 'gklezmski1w', '81JAgT', 'gklezmski1w@biglobe.ne.jp', '402-743-0458', '385-12-9034', null);
insert into Customer (CustID, CustFName, CustLName, CustAddress, CustCity, CustState, CustZip, Username, Password, Email, PhoneNumber, SocialSecurity, PassHash) values (70, 'Xavier', 'Sheward', '8127 Sugar Drive', 'Clearwater', 'Florida', '34615', 'xsheward1x', '29JyjJuS', 'xsheward1x@chron.com', '727-459-1416', '581-41-8600', null);
insert into Customer (CustID, CustFName, CustLName, CustAddress, CustCity, CustState, CustZip, Username, Password, Email, PhoneNumber, SocialSecurity, PassHash) values (71, 'Annadiana', 'Milleton', '51016 Darwin Court', 'Newark', 'Delaware', '19725', 'amilleton1y', 'VkXeGKLb0', 'amilleton1y@google.ca', '302-739-5611', '349-65-2497', null);
insert into Customer (CustID, CustFName, CustLName, CustAddress, CustCity, CustState, CustZip, Username, Password, Email, PhoneNumber, SocialSecurity, PassHash) values (72, 'Lyn', 'Milton', '97865 Wayridge Place', 'Austin', 'Texas', '78726', 'lmilton1z', 'CJixkuAz67', 'lmilton1z@a8.net', '512-714-6715', '705-10-0649', null);
insert into Customer (CustID, CustFName, CustLName, CustAddress, CustCity, CustState, CustZip, Username, Password, Email, PhoneNumber, SocialSecurity, PassHash) values (73, 'Geri', 'Jorger', '64884 Brentwood Center', 'Grand Rapids', 'Michigan', '49518', 'gjorger20', 'nBXt1kpZTZ8', 'gjorger20@hugedomains.com', '616-958-5477', '522-09-5472', null);
insert into Customer (CustID, CustFName, CustLName, CustAddress, CustCity, CustState, CustZip, Username, Password, Email, PhoneNumber, SocialSecurity, PassHash) values (74, 'Cathe', 'Tingle', '95 Autumn Leaf Terrace', 'Brea', 'California', '92822', 'ctingle21', 'rET5wN', 'ctingle21@dell.com', '818-480-0012', '802-57-9645', null);
insert into Customer (CustID, CustFName, CustLName, CustAddress, CustCity, CustState, CustZip, Username, Password, Email, PhoneNumber, SocialSecurity, PassHash) values (75, 'Liza', 'Kubu', '94192 Messerschmidt Avenue', 'Lancaster', 'California', '93584', 'lkubu22', '2VVj4ocy', 'lkubu22@odnoklassniki.ru', '661-697-9347', '441-56-6475', null);
insert into Customer (CustID, CustFName, CustLName, CustAddress, CustCity, CustState, CustZip, Username, Password, Email, PhoneNumber, SocialSecurity, PassHash) values (76, 'Gerome', 'Strong', '4046 Kropf Circle', 'Tulsa', 'Oklahoma', '74184', 'gstrong23', 'KpEspjeG', 'gstrong23@ebay.co.uk', '918-962-1649', '655-38-3526', null);
insert into Customer (CustID, CustFName, CustLName, CustAddress, CustCity, CustState, CustZip, Username, Password, Email, PhoneNumber, SocialSecurity, PassHash) values (77, 'Agnese', 'Arondel', '5 Orin Terrace', 'Los Angeles', 'California', '90005', 'aarondel24', 'UCTrQJp', 'aarondel24@sphinn.com', '323-424-1468', '273-97-5291', null);
insert into Customer (CustID, CustFName, CustLName, CustAddress, CustCity, CustState, CustZip, Username, Password, Email, PhoneNumber, SocialSecurity, PassHash) values (78, 'Agnella', 'McAster', '2 Weeping Birch Pass', 'Louisville', 'Kentucky', '40266', 'amcaster25', 'PiHd6kc', 'amcaster25@unicef.org', '502-588-7469', '167-85-6971', null);
insert into Customer (CustID, CustFName, CustLName, CustAddress, CustCity, CustState, CustZip, Username, Password, Email, PhoneNumber, SocialSecurity, PassHash) values (79, 'Kellby', 'Riseborough', '23 Spenser Center', 'Jacksonville', 'Florida', '32277', 'kriseborough26', 'lj80EAMuo', 'kriseborough26@printfriendly.com', '904-344-8929', '843-87-8571', null);
insert into Customer (CustID, CustFName, CustLName, CustAddress, CustCity, CustState, CustZip, Username, Password, Email, PhoneNumber, SocialSecurity, PassHash) values (80, 'Norbert', 'Gout', '25436 Manley Center', 'Lincoln', 'Nebraska', '68583', 'ngout27', 'FFr2FpFP', 'ngout27@unicef.org', '402-724-4852', '603-89-0005', null);
insert into Customer (CustID, CustFName, CustLName, CustAddress, CustCity, CustState, CustZip, Username, Password, Email, PhoneNumber, SocialSecurity, PassHash) values (81, 'Jason', 'Bricksey', '0916 Heffernan Alley', 'Raleigh', 'North Carolina', '27635', 'jbricksey28', 'ffWCgXZw', 'jbricksey28@reuters.com', '919-560-1915', '427-45-5169', null);
insert into Customer (CustID, CustFName, CustLName, CustAddress, CustCity, CustState, CustZip, Username, Password, Email, PhoneNumber, SocialSecurity, PassHash) values (82, 'Wildon', 'Dormon', '7 Harbort Park', 'Las Vegas', 'Nevada', '89120', 'wdormon29', 'WKUXPXo62Y4T', 'wdormon29@ihg.com', '702-119-1225', '629-36-0380', null);
insert into Customer (CustID, CustFName, CustLName, CustAddress, CustCity, CustState, CustZip, Username, Password, Email, PhoneNumber, SocialSecurity, PassHash) values (83, 'Bobinette', 'Corey', '012 Ludington Place', 'Grand Rapids', 'Michigan', '49510', 'bcorey2a', 'D0X6nBq2YTpy', 'bcorey2a@yellowpages.com', '616-551-7702', '780-34-0546', null);
insert into Customer (CustID, CustFName, CustLName, CustAddress, CustCity, CustState, CustZip, Username, Password, Email, PhoneNumber, SocialSecurity, PassHash) values (84, 'Ingamar', 'Dyos', '534 Steensland Terrace', 'Pensacola', 'Florida', '32520', 'idyos2b', 'pl1Euc5PdCEk', 'idyos2b@earthlink.net', '850-324-3463', '152-03-7301', null);
insert into Customer (CustID, CustFName, CustLName, CustAddress, CustCity, CustState, CustZip, Username, Password, Email, PhoneNumber, SocialSecurity, PassHash) values (85, 'Edythe', 'Mee', '0704 Valley Edge Pass', 'Stamford', 'Connecticut', '06912', 'emee2c', '32hjrFL', 'emee2c@nifty.com', '203-752-8313', '780-15-3108', null);
insert into Customer (CustID, CustFName, CustLName, CustAddress, CustCity, CustState, CustZip, Username, Password, Email, PhoneNumber, SocialSecurity, PassHash) values (86, 'Helyn', 'Floyde', '52 Superior Trail', 'Washington', 'District of Columbia', '20566', 'hfloyde2d', 'jBosM7ySfmTz', 'hfloyde2d@sitemeter.com', '202-281-7721', '469-62-6138', null);
insert into Customer (CustID, CustFName, CustLName, CustAddress, CustCity, CustState, CustZip, Username, Password, Email, PhoneNumber, SocialSecurity, PassHash) values (87, 'Mariquilla', 'Clausson', '3 Maryland Crossing', 'Lakeland', 'Florida', '33811', 'mclausson2e', 'M0rk6OV', 'mclausson2e@liveinternet.ru', '863-699-3933', '269-71-5319', null);
insert into Customer (CustID, CustFName, CustLName, CustAddress, CustCity, CustState, CustZip, Username, Password, Email, PhoneNumber, SocialSecurity, PassHash) values (88, 'Daisie', 'Derges', '8962 Transport Plaza', 'Garden Grove', 'California', '92844', 'dderges2f', 'CL27G87GYaM', 'dderges2f@squidoo.com', '714-710-1830', '172-97-0017', null);
insert into Customer (CustID, CustFName, CustLName, CustAddress, CustCity, CustState, CustZip, Username, Password, Email, PhoneNumber, SocialSecurity, PassHash) values (89, 'Selena', 'Aimer', '6 Graedel Way', 'Shawnee Mission', 'Kansas', '66286', 'saimer2g', '7jF80fnRyMg', 'saimer2g@qq.com', '913-272-2047', '697-18-8438', null);
insert into Customer (CustID, CustFName, CustLName, CustAddress, CustCity, CustState, CustZip, Username, Password, Email, PhoneNumber, SocialSecurity, PassHash) values (90, 'Audy', 'Siggery', '28 Vernon Hill', 'North Hollywood', 'California', '91606', 'asiggery2h', 'FjY2pZe4nfbS', 'asiggery2h@chronoengine.com', '323-112-9026', '189-39-2067', null);
insert into Customer (CustID, CustFName, CustLName, CustAddress, CustCity, CustState, CustZip, Username, Password, Email, PhoneNumber, SocialSecurity, PassHash) values (91, 'Davon', 'Bredbury', '995 Corben Way', 'Tacoma', 'Washington', '98442', 'dbredbury2i', 'wWa04BT1B', 'dbredbury2i@artisteer.com', '253-517-5230', '827-20-9830', null);
insert into Customer (CustID, CustFName, CustLName, CustAddress, CustCity, CustState, CustZip, Username, Password, Email, PhoneNumber, SocialSecurity, PassHash) values (92, 'Britta', 'Harpham', '290 Hintze Road', 'Dayton', 'Ohio', '45426', 'bharpham2j', 'KxbE6YWDZg', 'bharpham2j@engadget.com', '937-118-1750', '751-50-4207', null);
insert into Customer (CustID, CustFName, CustLName, CustAddress, CustCity, CustState, CustZip, Username, Password, Email, PhoneNumber, SocialSecurity, PassHash) values (93, 'Royce', 'Kleinerman', '97433 Huxley Crossing', 'Denver', 'Colorado', '80235', 'rkleinerman2k', 'sYBbYV', 'rkleinerman2k@netvibes.com', '303-996-6184', '505-43-6070', null);
insert into Customer (CustID, CustFName, CustLName, CustAddress, CustCity, CustState, CustZip, Username, Password, Email, PhoneNumber, SocialSecurity, PassHash) values (94, 'Cinnamon', 'Chapple', '2770 Blue Bill Park Junction', 'Pensacola', 'Florida', '32520', 'cchapple2l', 'Ff0ZPS0', 'cchapple2l@webmd.com', '850-376-7243', '527-87-2969', null);
insert into Customer (CustID, CustFName, CustLName, CustAddress, CustCity, CustState, CustZip, Username, Password, Email, PhoneNumber, SocialSecurity, PassHash) values (95, 'Daloris', 'Tummons', '28924 Toban Parkway', 'Gadsden', 'Alabama', '35905', 'dtummons2m', '0hyrBNO8', 'dtummons2m@istockphoto.com', '256-725-4239', '685-10-4938', null);
insert into Customer (CustID, CustFName, CustLName, CustAddress, CustCity, CustState, CustZip, Username, Password, Email, PhoneNumber, SocialSecurity, PassHash) values (96, 'Corbett', 'Amyes', '3 Jana Terrace', 'Waco', 'Texas', '76796', 'camyes2n', 'Jk8cn3', 'camyes2n@pcworld.com', '254-835-5160', '748-15-1550', null);
insert into Customer (CustID, CustFName, CustLName, CustAddress, CustCity, CustState, CustZip, Username, Password, Email, PhoneNumber, SocialSecurity, PassHash) values (97, 'Valma', 'Gumn', '8 Larry Point', 'Saginaw', 'Michigan', '48609', 'vgumn2o', '8Zp3vZY', 'vgumn2o@msn.com', '989-105-6638', '695-74-6888', null);
insert into Customer (CustID, CustFName, CustLName, CustAddress, CustCity, CustState, CustZip, Username, Password, Email, PhoneNumber, SocialSecurity, PassHash) values (98, 'Paulie', 'Ride', '199 Weeping Birch Pass', 'Davenport', 'Iowa', '52804', 'pride2p', '1XPLVvHwj', 'pride2p@weibo.com', '563-877-6069', '312-98-3885', null);
insert into Customer (CustID, CustFName, CustLName, CustAddress, CustCity, CustState, CustZip, Username, Password, Email, PhoneNumber, SocialSecurity, PassHash) values (99, 'Perry', 'Castle', '5 Autumn Leaf Circle', 'Appleton', 'Wisconsin', '54915', 'pcastle2q', 'kEoB6IShB', 'pcastle2q@domainmarket.com', '920-682-8418', '412-63-0283', null);
insert into Customer (CustID, CustFName, CustLName, CustAddress, CustCity, CustState, CustZip, Username, Password, Email, PhoneNumber, SocialSecurity, PassHash) values (100, 'Winna', 'Catley', '84 Maple Junction', 'Trenton', 'New Jersey', '08608', 'wcatley2r', 'PeFURnmH', 'wcatley2r@angelfire.com', '609-165-0041', '197-73-9923', null);
UPDATE Customer SET PassHash = MD5(Password);

insert into PaymentInfo (PaymentID, CardNumber, NameOnCard, ExpirationDate, PaymentType) values (1, '564182900905548273', 'Shellysheldon Brodbin', '2021-07-13', 'switch');
insert into PaymentInfo (PaymentID, CardNumber, NameOnCard, ExpirationDate, PaymentType) values (2, '3550117092937531', 'Babbette Poultney', '2021-11-22', 'jcb');
insert into PaymentInfo (PaymentID, CardNumber, NameOnCard, ExpirationDate, PaymentType) values (3, '4175000285148624', 'Mylo Etoile', '2019-11-22', 'visa-electron');
insert into PaymentInfo (PaymentID, CardNumber, NameOnCard, ExpirationDate, PaymentType) values (4, '633458008554232577', 'Ron Del Dello', '2020-09-01', 'solo');
insert into PaymentInfo (PaymentID, CardNumber, NameOnCard, ExpirationDate, PaymentType) values (5, '3578386936703981', 'Bret Lakenden', '2020-06-02', 'jcb');
insert into PaymentInfo (PaymentID, CardNumber, NameOnCard, ExpirationDate, PaymentType) values (6, '3533315768326292', 'Sid Kupper', '2022-03-29', 'jcb');
insert into PaymentInfo (PaymentID, CardNumber, NameOnCard, ExpirationDate, PaymentType) values (7, '3580209847271904', 'Adelle Osipenko', '2022-09-28', 'jcb');
insert into PaymentInfo (PaymentID, CardNumber, NameOnCard, ExpirationDate, PaymentType) values (8, '201422722964262', 'Hanni Mixon', '2022-05-20', 'diners-club-enroute');
insert into PaymentInfo (PaymentID, CardNumber, NameOnCard, ExpirationDate, PaymentType) values (9, '5610987049544645', 'Riccardo Mitie', '2021-01-03', 'bankcard');
insert into PaymentInfo (PaymentID, CardNumber, NameOnCard, ExpirationDate, PaymentType) values (10, '3583574666433134', 'Jonathon Spillane', '2020-08-03', 'jcb');
insert into PaymentInfo (PaymentID, CardNumber, NameOnCard, ExpirationDate, PaymentType) values (11, '3553365708733268', 'Marjory Quogan', '2021-01-06', 'jcb');
insert into PaymentInfo (PaymentID, CardNumber, NameOnCard, ExpirationDate, PaymentType) values (12, '3565333412118735', 'Bayard Mowsdell', '2022-04-27', 'jcb');
insert into PaymentInfo (PaymentID, CardNumber, NameOnCard, ExpirationDate, PaymentType) values (13, '3550434662312080', 'Teodorico Burgyn', '2022-05-28', 'jcb');
insert into PaymentInfo (PaymentID, CardNumber, NameOnCard, ExpirationDate, PaymentType) values (14, '5602212500819018', 'Kleon Hollyland', '2022-05-26', 'bankcard');
insert into PaymentInfo (PaymentID, CardNumber, NameOnCard, ExpirationDate, PaymentType) values (15, '3575664756269728', 'Tanitansy Densie', '2021-10-10', 'jcb');
insert into PaymentInfo (PaymentID, CardNumber, NameOnCard, ExpirationDate, PaymentType) values (16, '6376522461834307', 'Pearline Olyff', '2020-08-23', 'instapayment');
insert into PaymentInfo (PaymentID, CardNumber, NameOnCard, ExpirationDate, PaymentType) values (17, '5176900554266765', 'Sybilla Bounde', '2020-08-16', 'mastercard');
insert into PaymentInfo (PaymentID, CardNumber, NameOnCard, ExpirationDate, PaymentType) values (18, '337941689113297', 'Georgeta Fakeley', '2020-03-18', 'americanexpress');
insert into PaymentInfo (PaymentID, CardNumber, NameOnCard, ExpirationDate, PaymentType) values (19, '633110369180805727', 'Pieter Davydzenko', '2021-11-24', 'switch');
insert into PaymentInfo (PaymentID, CardNumber, NameOnCard, ExpirationDate, PaymentType) values (20, '3557910397291213', 'Phyllida Inkpin', '2021-09-08', 'jcb');
insert into PaymentInfo (PaymentID, CardNumber, NameOnCard, ExpirationDate, PaymentType) values (21, '6762962363957438', 'Jessi Poacher', '2020-04-20', 'maestro');
insert into PaymentInfo (PaymentID, CardNumber, NameOnCard, ExpirationDate, PaymentType) values (22, '5189140961811573', 'Abigail McMichell', '2020-11-27', 'mastercard');
insert into PaymentInfo (PaymentID, CardNumber, NameOnCard, ExpirationDate, PaymentType) values (23, '30391648739404', 'Joan Dalloway', '2021-07-15', 'diners-club-carte-blanche');
insert into PaymentInfo (PaymentID, CardNumber, NameOnCard, ExpirationDate, PaymentType) values (24, '3576124310452616', 'Bunny Ballantine', '2021-12-14', 'jcb');
insert into PaymentInfo (PaymentID, CardNumber, NameOnCard, ExpirationDate, PaymentType) values (25, '3540679541239044', 'Abbe Conrart', '2022-01-30', 'jcb');
insert into PaymentInfo (PaymentID, CardNumber, NameOnCard, ExpirationDate, PaymentType) values (26, '4041377143414063', 'Bee Carver', '2021-10-09', 'visa');
insert into PaymentInfo (PaymentID, CardNumber, NameOnCard, ExpirationDate, PaymentType) values (27, '3539261611660681', 'Marchall Matuszyk', '2022-09-05', 'jcb');
insert into PaymentInfo (PaymentID, CardNumber, NameOnCard, ExpirationDate, PaymentType) values (28, '5479984806973836', 'Reginauld Orcott', '2022-08-19', 'diners-club-us-ca');
insert into PaymentInfo (PaymentID, CardNumber, NameOnCard, ExpirationDate, PaymentType) values (29, '5100139425403437', 'Hally Featherstonhalgh', '2022-09-10', 'mastercard');
insert into PaymentInfo (PaymentID, CardNumber, NameOnCard, ExpirationDate, PaymentType) values (30, '6334995574670771540', 'Evaleen Fyldes', '2022-01-09', 'solo');
insert into PaymentInfo (PaymentID, CardNumber, NameOnCard, ExpirationDate, PaymentType) values (31, '3541797671136209', 'Alva Ricardot', '2022-06-29', 'jcb');
insert into PaymentInfo (PaymentID, CardNumber, NameOnCard, ExpirationDate, PaymentType) values (32, '201719258044371', 'Drucie Merali', '2022-07-17', 'diners-club-enroute');
insert into PaymentInfo (PaymentID, CardNumber, NameOnCard, ExpirationDate, PaymentType) values (33, '337941706353561', 'Malva Banaszewski', '2021-11-29', 'americanexpress');
insert into PaymentInfo (PaymentID, CardNumber, NameOnCard, ExpirationDate, PaymentType) values (34, '201799611685201', 'Noami Lillicrap', '2021-07-28', 'diners-club-enroute');
insert into PaymentInfo (PaymentID, CardNumber, NameOnCard, ExpirationDate, PaymentType) values (35, '4665833838085', 'Demetri McLarnon', '2020-11-24', 'visa');
insert into PaymentInfo (PaymentID, CardNumber, NameOnCard, ExpirationDate, PaymentType) values (36, '3558645921755767', 'Diahann Crease', '2020-07-15', 'jcb');
insert into PaymentInfo (PaymentID, CardNumber, NameOnCard, ExpirationDate, PaymentType) values (37, '6379138796439089', 'Josey Poyner', '2022-10-13', 'instapayment');
insert into PaymentInfo (PaymentID, CardNumber, NameOnCard, ExpirationDate, PaymentType) values (38, '3559998756195339', 'Lona Sollon', '2020-03-13', 'jcb');
insert into PaymentInfo (PaymentID, CardNumber, NameOnCard, ExpirationDate, PaymentType) values (39, '676799860755347134', 'Vannie BoHlingolsen', '2021-07-30', 'solo');
insert into PaymentInfo (PaymentID, CardNumber, NameOnCard, ExpirationDate, PaymentType) values (40, '201825499937099', 'Georas Yair', '2021-11-30', 'diners-club-enroute');
insert into PaymentInfo (PaymentID, CardNumber, NameOnCard, ExpirationDate, PaymentType) values (41, '3566798588715507', 'Micaela Soughton', '2021-12-22', 'jcb');
insert into PaymentInfo (PaymentID, CardNumber, NameOnCard, ExpirationDate, PaymentType) values (42, '5268851511466098', 'Duncan Pitchford', '2021-12-16', 'mastercard');
insert into PaymentInfo (PaymentID, CardNumber, NameOnCard, ExpirationDate, PaymentType) values (43, '3581797482438712', 'Thom Grewar', '2019-10-26', 'jcb');
insert into PaymentInfo (PaymentID, CardNumber, NameOnCard, ExpirationDate, PaymentType) values (44, '4017952278653535', 'Leland Prinn', '2022-05-21', 'visa');
insert into PaymentInfo (PaymentID, CardNumber, NameOnCard, ExpirationDate, PaymentType) values (45, '3570651754357915', 'Ray Gonning', '2022-06-02', 'jcb');
insert into PaymentInfo (PaymentID, CardNumber, NameOnCard, ExpirationDate, PaymentType) values (46, '6380149763879469', 'Webb Hoovart', '2021-10-28', 'instapayment');
insert into PaymentInfo (PaymentID, CardNumber, NameOnCard, ExpirationDate, PaymentType) values (47, '4017950800809633', 'Cirillo Twells', '2021-09-12', 'visa');
insert into PaymentInfo (PaymentID, CardNumber, NameOnCard, ExpirationDate, PaymentType) values (48, '30512393862238', 'Miguela Dell Casa', '2022-05-25', 'diners-club-carte-blanche');
insert into PaymentInfo (PaymentID, CardNumber, NameOnCard, ExpirationDate, PaymentType) values (49, '3555485830098139', 'Lazare Zahor', '2020-04-11', 'jcb');
insert into PaymentInfo (PaymentID, CardNumber, NameOnCard, ExpirationDate, PaymentType) values (50, '3554066851185046', 'Leeanne Goodbourn', '2021-11-30', 'jcb');
insert into PaymentInfo (PaymentID, CardNumber, NameOnCard, ExpirationDate, PaymentType) values (51, '6382715989943400', 'Debora Pestridge', '2021-12-30', 'instapayment');
insert into PaymentInfo (PaymentID, CardNumber, NameOnCard, ExpirationDate, PaymentType) values (52, '5007663895189147', 'Eliza Benditt', '2022-05-31', 'mastercard');
insert into PaymentInfo (PaymentID, CardNumber, NameOnCard, ExpirationDate, PaymentType) values (53, '3569452837051903', 'Patti Willavize', '2020-11-29', 'jcb');
insert into PaymentInfo (PaymentID, CardNumber, NameOnCard, ExpirationDate, PaymentType) values (54, '3548642948445376', 'Clive Ivashechkin', '2020-10-01', 'jcb');
insert into PaymentInfo (PaymentID, CardNumber, NameOnCard, ExpirationDate, PaymentType) values (55, '4026873124126329', 'Darrel Shickle', '2022-02-07', 'visa-electron');
insert into PaymentInfo (PaymentID, CardNumber, NameOnCard, ExpirationDate, PaymentType) values (56, '3536002152917806', 'Vassily Fitzsymonds', '2020-05-26', 'jcb');
insert into PaymentInfo (PaymentID, CardNumber, NameOnCard, ExpirationDate, PaymentType) values (57, '3537601893869140', 'Ransom Estevez', '2021-04-11', 'jcb');
insert into PaymentInfo (PaymentID, CardNumber, NameOnCard, ExpirationDate, PaymentType) values (58, '3559099186852852', 'Noemi Wanka', '2022-09-03', 'jcb');
insert into PaymentInfo (PaymentID, CardNumber, NameOnCard, ExpirationDate, PaymentType) values (59, '3553156494259901', 'Daryle Oldroyd', '2020-12-15', 'jcb');
insert into PaymentInfo (PaymentID, CardNumber, NameOnCard, ExpirationDate, PaymentType) values (60, '372301451044467', 'Gustav Rippingale', '2019-12-06', 'americanexpress');
insert into PaymentInfo (PaymentID, CardNumber, NameOnCard, ExpirationDate, PaymentType) values (61, '3552685161613835', 'Collen Kubecka', '2022-08-21', 'jcb');
insert into PaymentInfo (PaymentID, CardNumber, NameOnCard, ExpirationDate, PaymentType) values (62, '5602218672825022', 'Claire Stanman', '2022-05-31', 'bankcard');
insert into PaymentInfo (PaymentID, CardNumber, NameOnCard, ExpirationDate, PaymentType) values (63, '30547742184298', 'Sutherlan Yakunin', '2019-11-30', 'diners-club-carte-blanche');
insert into PaymentInfo (PaymentID, CardNumber, NameOnCard, ExpirationDate, PaymentType) values (64, '3568899927393028', 'Wake Troker', '2019-10-27', 'jcb');
insert into PaymentInfo (PaymentID, CardNumber, NameOnCard, ExpirationDate, PaymentType) values (65, '5602245972881199', 'Vevay Pillifant', '2021-08-01', 'bankcard');
insert into PaymentInfo (PaymentID, CardNumber, NameOnCard, ExpirationDate, PaymentType) values (66, '3533683656923029', 'Carling Talmadge', '2021-09-18', 'jcb');
insert into PaymentInfo (PaymentID, CardNumber, NameOnCard, ExpirationDate, PaymentType) values (67, '5536430933616659', 'Shepherd Gathercole', '2021-09-12', 'mastercard');
insert into PaymentInfo (PaymentID, CardNumber, NameOnCard, ExpirationDate, PaymentType) values (68, '374622538739417', 'Eliza Noteyoung', '2020-01-09', 'americanexpress');
insert into PaymentInfo (PaymentID, CardNumber, NameOnCard, ExpirationDate, PaymentType) values (69, '3529882023188987', 'Elsa Ciccarelli', '2021-01-24', 'jcb');
insert into PaymentInfo (PaymentID, CardNumber, NameOnCard, ExpirationDate, PaymentType) values (70, '5002356740538528', 'Thalia Nobes', '2021-09-06', 'mastercard');
insert into PaymentInfo (PaymentID, CardNumber, NameOnCard, ExpirationDate, PaymentType) values (71, '3559357074680565', 'Eleanore Wordley', '2022-04-22', 'jcb');
insert into PaymentInfo (PaymentID, CardNumber, NameOnCard, ExpirationDate, PaymentType) values (72, '4017957393770', 'Eirena Besantie', '2022-05-11', 'visa');
insert into PaymentInfo (PaymentID, CardNumber, NameOnCard, ExpirationDate, PaymentType) values (73, '4905019256675608569', 'Neila Merrikin', '2022-09-14', 'switch');
insert into PaymentInfo (PaymentID, CardNumber, NameOnCard, ExpirationDate, PaymentType) values (74, '6374890241159051', 'Karen Weddeburn - Scrimgeour', '2021-03-22', 'instapayment');
insert into PaymentInfo (PaymentID, CardNumber, NameOnCard, ExpirationDate, PaymentType) values (75, '3563592958665506', 'Evelyn Shewon', '2021-02-17', 'jcb');
insert into PaymentInfo (PaymentID, CardNumber, NameOnCard, ExpirationDate, PaymentType) values (76, '3584798804771621', 'Floria Quinlan', '2021-04-11', 'jcb');
insert into PaymentInfo (PaymentID, CardNumber, NameOnCard, ExpirationDate, PaymentType) values (77, '3570253161220792', 'Missie Sturr', '2020-07-05', 'jcb');
insert into PaymentInfo (PaymentID, CardNumber, NameOnCard, ExpirationDate, PaymentType) values (78, '4913007880845048', 'Morry Sammut', '2021-04-14', 'visa-electron');
insert into PaymentInfo (PaymentID, CardNumber, NameOnCard, ExpirationDate, PaymentType) values (79, '3547841655282169', 'Paulo Emberton', '2021-07-17', 'jcb');
insert into PaymentInfo (PaymentID, CardNumber, NameOnCard, ExpirationDate, PaymentType) values (80, '374622545225236', 'Emmey Balas', '2022-04-29', 'americanexpress');
insert into PaymentInfo (PaymentID, CardNumber, NameOnCard, ExpirationDate, PaymentType) values (81, '58930149754130415', 'Armstrong Loudon', '2020-05-10', 'maestro');
insert into PaymentInfo (PaymentID, CardNumber, NameOnCard, ExpirationDate, PaymentType) values (82, '3571738979405311', 'Marlee Iliffe', '2021-03-23', 'jcb');
insert into PaymentInfo (PaymentID, CardNumber, NameOnCard, ExpirationDate, PaymentType) values (83, '4405076792074273', 'Farley Oene', '2021-10-13', 'visa-electron');
insert into PaymentInfo (PaymentID, CardNumber, NameOnCard, ExpirationDate, PaymentType) values (84, '676348109783443572', 'Jeramie Kersting', '2022-07-28', 'maestro');
insert into PaymentInfo (PaymentID, CardNumber, NameOnCard, ExpirationDate, PaymentType) values (85, '36132163446478', 'Babara Swanwick', '2021-10-01', 'diners-club-international');
insert into PaymentInfo (PaymentID, CardNumber, NameOnCard, ExpirationDate, PaymentType) values (86, '3538686143985563', 'Gayler Pinnigar', '2020-03-29', 'jcb');
insert into PaymentInfo (PaymentID, CardNumber, NameOnCard, ExpirationDate, PaymentType) values (87, '30424965215425', 'Huntley Hosby', '2022-05-30', 'diners-club-carte-blanche');
insert into PaymentInfo (PaymentID, CardNumber, NameOnCard, ExpirationDate, PaymentType) values (88, '374283922864921', 'Myrtle Imason', '2021-02-21', 'americanexpress');
insert into PaymentInfo (PaymentID, CardNumber, NameOnCard, ExpirationDate, PaymentType) values (89, '3568095634298424', 'Samuele Faux', '2022-05-15', 'jcb');
insert into PaymentInfo (PaymentID, CardNumber, NameOnCard, ExpirationDate, PaymentType) values (90, '4508284936067858', 'Weber Alfonsini', '2020-07-18', 'visa-electron');
insert into PaymentInfo (PaymentID, CardNumber, NameOnCard, ExpirationDate, PaymentType) values (91, '3551420203726887', 'Nicko Dartnell', '2021-06-11', 'jcb');
insert into PaymentInfo (PaymentID, CardNumber, NameOnCard, ExpirationDate, PaymentType) values (92, '201764312454083', 'Artemus Coddington', '2020-06-06', 'diners-club-enroute');
insert into PaymentInfo (PaymentID, CardNumber, NameOnCard, ExpirationDate, PaymentType) values (93, '201827773343911', 'Dorine Bonallick', '2021-10-03', 'diners-club-enroute');
insert into PaymentInfo (PaymentID, CardNumber, NameOnCard, ExpirationDate, PaymentType) values (94, '490555122544689791', 'Briano Madgin', '2022-09-19', 'switch');
insert into PaymentInfo (PaymentID, CardNumber, NameOnCard, ExpirationDate, PaymentType) values (95, '377770695593213', 'Collie Clemence', '2020-05-14', 'americanexpress');
insert into PaymentInfo (PaymentID, CardNumber, NameOnCard, ExpirationDate, PaymentType) values (96, '3534720442862555', 'Tracy Soldi', '2022-10-17', 'jcb');
insert into PaymentInfo (PaymentID, CardNumber, NameOnCard, ExpirationDate, PaymentType) values (97, '4913128363530467', 'Britni Wantling', '2022-05-09', 'visa-electron');
insert into PaymentInfo (PaymentID, CardNumber, NameOnCard, ExpirationDate, PaymentType) values (98, '5100136618469944', 'Lari Hurleston', '2021-02-08', 'mastercard');
insert into PaymentInfo (PaymentID, CardNumber, NameOnCard, ExpirationDate, PaymentType) values (99, '4405979065131847', 'Winona Ditter', '2021-05-06', 'visa-electron');
insert into PaymentInfo (PaymentID, CardNumber, NameOnCard, ExpirationDate, PaymentType) values (100, '3540504687462210', 'Arielle Caskie', '2020-01-08', 'jcb');

insert into Product (PrdID, PrdName, PrdDescription, PrdCost) values (1, 'Pineapple - Golden', 'Otaria flavescens', '$2.14');
insert into Product (PrdID, PrdName, PrdDescription, PrdCost) values (2, 'Coffee Decaf Colombian', 'Chlidonias leucopterus', '$4.32');
insert into Product (PrdID, PrdName, PrdDescription, PrdCost) values (3, 'Nantucket Cranberry Juice', 'Porphyrio porphyrio', '$7.94');
insert into Product (PrdID, PrdName, PrdDescription, PrdCost) values (4, 'Sauce - Vodka Blush', 'Marmota caligata', '$5.08');
insert into Product (PrdID, PrdName, PrdDescription, PrdCost) values (5, 'Durian Fruit', 'Phalaropus fulicarius', '$7.14');
insert into Product (PrdID, PrdName, PrdDescription, PrdCost) values (6, 'Lettuce - Mini Greens, Whole', 'Helogale undulata', '$2.36');
insert into Product (PrdID, PrdName, PrdDescription, PrdCost) values (7, 'Broom - Angled', 'Potos flavus', '$8.15');
insert into Product (PrdID, PrdName, PrdDescription, PrdCost) values (8, 'Bread - Hot Dog Buns', 'Ovis ammon', '$3.76');
insert into Product (PrdID, PrdName, PrdDescription, PrdCost) values (9, 'Mikes Hard Lemonade', 'Ovis dalli stonei', '$3.02');
insert into Product (PrdID, PrdName, PrdDescription, PrdCost) values (10, 'The Pop Shoppe - Root Beer', 'Acridotheres tristis', '$4.11');
insert into Product (PrdID, PrdName, PrdDescription, PrdCost) values (11, 'Jolt Cola - Electric Blue', 'Ploceus intermedius', '$7.01');
insert into Product (PrdID, PrdName, PrdDescription, PrdCost) values (12, 'Blue Curacao - Marie Brizard', 'Acridotheres tristis', '$1.37');
insert into Product (PrdID, PrdName, PrdDescription, PrdCost) values (13, 'Wine - Red, Cabernet Merlot', 'Deroptyus accipitrinus', '$7.70');
insert into Product (PrdID, PrdName, PrdDescription, PrdCost) values (14, 'Scrubbie - Scotchbrite Hand Pad', 'Gopherus agassizii', '$8.29');
insert into Product (PrdID, PrdName, PrdDescription, PrdCost) values (15, 'Appetizer - Mango Chevre', 'Colaptes campestroides', '$7.46');
insert into Product (PrdID, PrdName, PrdDescription, PrdCost) values (16, 'Chicken - Whole Fryers', 'Streptopelia decipiens', '$5.45');
insert into Product (PrdID, PrdName, PrdDescription, PrdCost) values (17, 'Bagelers', 'Alcelaphus buselaphus caama', '$6.36');
insert into Product (PrdID, PrdName, PrdDescription, PrdCost) values (18, 'Yokaline', 'Tragelaphus angasi', '$6.20');
insert into Product (PrdID, PrdName, PrdDescription, PrdCost) values (19, 'Bay Leaf Ground', 'Antidorcas marsupialis', '$4.74');
insert into Product (PrdID, PrdName, PrdDescription, PrdCost) values (20, 'Cod - Black Whole Fillet', 'Spizaetus coronatus', '$2.25');
insert into Product (PrdID, PrdName, PrdDescription, PrdCost) values (21, 'Crab - Meat Combo', 'Gazella thompsonii', '$7.21');
insert into Product (PrdID, PrdName, PrdDescription, PrdCost) values (22, 'Beans - Fava Fresh', 'unavailable', '$4.04');
insert into Product (PrdID, PrdName, PrdDescription, PrdCost) values (23, 'Sprouts - Peppercress', 'Choriotis kori', '$5.63');
insert into Product (PrdID, PrdName, PrdDescription, PrdCost) values (24, 'Pea - Snow', 'Pelecans onocratalus', '$0.80');
insert into Product (PrdID, PrdName, PrdDescription, PrdCost) values (25, 'Cheese - Brie Roitelet', 'Aonyx cinerea', '$6.18');
insert into Product (PrdID, PrdName, PrdDescription, PrdCost) values (26, 'Syrup - Monin, Amaretta', 'Anathana ellioti', '$6.03');
insert into Product (PrdID, PrdName, PrdDescription, PrdCost) values (27, 'Wine - White, Schroder And Schyl', 'Alopochen aegyptiacus', '$4.89');
insert into Product (PrdID, PrdName, PrdDescription, PrdCost) values (28, 'Chips Potato All Dressed - 43g', 'Diceros bicornis', '$2.54');
insert into Product (PrdID, PrdName, PrdDescription, PrdCost) values (29, 'Energy - Boo - Koo', 'Speotyte cuniculata', '$0.73');
insert into Product (PrdID, PrdName, PrdDescription, PrdCost) values (30, 'Strawberries', 'Hymenolaimus malacorhynchus', '$2.95');
insert into Product (PrdID, PrdName, PrdDescription, PrdCost) values (31, 'Star Anise, Whole', 'Ctenophorus ornatus', '$8.83');
insert into Product (PrdID, PrdName, PrdDescription, PrdCost) values (32, 'Crab - Blue, Frozen', 'Ratufa indica', '$6.58');
insert into Product (PrdID, PrdName, PrdDescription, PrdCost) values (33, 'Iced Tea - Lemon, 340ml', 'Ciconia episcopus', '$5.34');
insert into Product (PrdID, PrdName, PrdDescription, PrdCost) values (34, 'Glycerine', 'Damaliscus dorcas', '$1.87');
insert into Product (PrdID, PrdName, PrdDescription, PrdCost) values (35, 'Muffin Hinge 117n', 'Larus novaehollandiae', '$3.85');
insert into Product (PrdID, PrdName, PrdDescription, PrdCost) values (36, 'Wine - Touraine Azay - Le - Rideau', 'Conolophus subcristatus', '$7.12');
insert into Product (PrdID, PrdName, PrdDescription, PrdCost) values (37, 'Bread - Crumbs, Bulk', 'Castor canadensis', '$1.79');
insert into Product (PrdID, PrdName, PrdDescription, PrdCost) values (38, 'Pastry - Banana Tea Loaf', 'Larus novaehollandiae', '$7.81');
insert into Product (PrdID, PrdName, PrdDescription, PrdCost) values (39, 'Mix - Cocktail Ice Cream', 'Taxidea taxus', '$1.18');
insert into Product (PrdID, PrdName, PrdDescription, PrdCost) values (40, 'Shrimp - Black Tiger 13/15', 'Milvus migrans', '$9.32');
insert into Product (PrdID, PrdName, PrdDescription, PrdCost) values (41, 'Table Cloth 53x69 White', 'Egretta thula', '$2.95');
insert into Product (PrdID, PrdName, PrdDescription, PrdCost) values (42, 'Beef - Ground Lean Fresh', 'Spizaetus coronatus', '$7.63');
insert into Product (PrdID, PrdName, PrdDescription, PrdCost) values (43, 'Raisin - Golden', 'Phalacrocorax carbo', '$7.16');
insert into Product (PrdID, PrdName, PrdDescription, PrdCost) values (44, 'Bread Ww Cluster', 'Chlamydosaurus kingii', '$9.15');
insert into Product (PrdID, PrdName, PrdDescription, PrdCost) values (45, 'Onions - Green', 'Cervus duvauceli', '$8.41');
insert into Product (PrdID, PrdName, PrdDescription, PrdCost) values (46, 'Beef - Tenderloin - Aa', 'Morelia spilotes variegata', '$7.65');
insert into Product (PrdID, PrdName, PrdDescription, PrdCost) values (47, 'Lettuce - Red Leaf', 'Erinaceus frontalis', '$0.17');
insert into Product (PrdID, PrdName, PrdDescription, PrdCost) values (48, 'Salmon - Atlantic, No Skin', 'Zalophus californicus', '$2.16');
insert into Product (PrdID, PrdName, PrdDescription, PrdCost) values (49, 'Coke - Diet, 355 Ml', 'Upupa epops', '$3.39');
insert into Product (PrdID, PrdName, PrdDescription, PrdCost) values (50, 'Table Cloth 144x90 White', 'Tockus flavirostris', '$5.03');
insert into Product (PrdID, PrdName, PrdDescription, PrdCost) values (51, 'Beer - Heinekin', 'Bugeranus caruncalatus', '$2.45');
insert into Product (PrdID, PrdName, PrdDescription, PrdCost) values (52, 'Cumin - Whole', 'Eudromia elegans', '$3.56');
insert into Product (PrdID, PrdName, PrdDescription, PrdCost) values (53, 'Chocolate Bar - Coffee Crisp', 'Funambulus pennati', '$4.38');
insert into Product (PrdID, PrdName, PrdDescription, PrdCost) values (54, 'Extract - Vanilla,artificial', 'Microcavia australis', '$0.16');
insert into Product (PrdID, PrdName, PrdDescription, PrdCost) values (55, 'Tomatoes', 'Salvadora hexalepis', '$4.96');
insert into Product (PrdID, PrdName, PrdDescription, PrdCost) values (56, 'Salmon - Atlantic, No Skin', 'Spheniscus magellanicus', '$3.06');
insert into Product (PrdID, PrdName, PrdDescription, PrdCost) values (57, 'Instant Coffee', 'Acrantophis madagascariensis', '$6.13');
insert into Product (PrdID, PrdName, PrdDescription, PrdCost) values (58, 'Garlic - Peeled', 'Macaca mulatta', '$1.21');
insert into Product (PrdID, PrdName, PrdDescription, PrdCost) values (59, 'Squash - Pattypan, Yellow', 'Gazella thompsonii', '$6.90');
insert into Product (PrdID, PrdName, PrdDescription, PrdCost) values (60, 'Foam Dinner Plate', 'Anser caerulescens', '$2.94');
insert into Product (PrdID, PrdName, PrdDescription, PrdCost) values (61, 'Honey - Lavender', 'Trichosurus vulpecula', '$9.82');
insert into Product (PrdID, PrdName, PrdDescription, PrdCost) values (62, 'Sproutsmustard Cress', 'Dasyurus maculatus', '$7.02');
insert into Product (PrdID, PrdName, PrdDescription, PrdCost) values (63, 'Cake Circle, Paprus', 'Ara ararauna', '$5.34');
insert into Product (PrdID, PrdName, PrdDescription, PrdCost) values (64, 'Wine - White, Antinore Orvieto', 'Haliaeetus leucocephalus', '$8.11');
insert into Product (PrdID, PrdName, PrdDescription, PrdCost) values (65, 'Soup - Campbellschix Stew', 'Sula nebouxii', '$9.65');
insert into Product (PrdID, PrdName, PrdDescription, PrdCost) values (66, 'Shiro Miso', 'Sarcophilus harrisii', '$9.77');
insert into Product (PrdID, PrdName, PrdDescription, PrdCost) values (67, 'Cake - Box Window 10x10x2.5', 'Gazella thompsonii', '$7.13');
insert into Product (PrdID, PrdName, PrdDescription, PrdCost) values (68, 'Ranchero - Primerba, Paste', 'Eumetopias jubatus', '$2.03');
insert into Product (PrdID, PrdName, PrdDescription, PrdCost) values (69, 'French Pastry - Mini Chocolate', 'Larus fuliginosus', '$0.97');
insert into Product (PrdID, PrdName, PrdDescription, PrdCost) values (70, 'Flower - Commercial Bronze', 'Potos flavus', '$2.05');
insert into Product (PrdID, PrdName, PrdDescription, PrdCost) values (71, 'Absolut Citron', 'Spheniscus magellanicus', '$8.61');
insert into Product (PrdID, PrdName, PrdDescription, PrdCost) values (72, 'Chinese Foods - Plain Fried Rice', 'Melursus ursinus', '$0.90');
insert into Product (PrdID, PrdName, PrdDescription, PrdCost) values (73, 'Truffle Shells - White Chocolate', 'Phalacrocorax carbo', '$6.15');
insert into Product (PrdID, PrdName, PrdDescription, PrdCost) values (74, 'Garlic - Primerba, Paste', 'Didelphis virginiana', '$3.58');
insert into Product (PrdID, PrdName, PrdDescription, PrdCost) values (75, 'Beer - True North Lager', 'Chordeiles minor', '$6.34');
insert into Product (PrdID, PrdName, PrdDescription, PrdCost) values (76, 'Vinegar - White', 'Phoenicopterus chilensis', '$8.43');
insert into Product (PrdID, PrdName, PrdDescription, PrdCost) values (77, 'Placemat - Scallop, White', 'Vulpes chama', '$8.95');
insert into Product (PrdID, PrdName, PrdDescription, PrdCost) values (78, 'Nougat - Paste / Cream', 'Varanus albigularis', '$7.24');
insert into Product (PrdID, PrdName, PrdDescription, PrdCost) values (79, 'Eggplant Italian', 'Proteles cristatus', '$6.14');
insert into Product (PrdID, PrdName, PrdDescription, PrdCost) values (80, 'Muffin Chocolate Individual Wrap', 'Ardea cinerea', '$9.39');
insert into Product (PrdID, PrdName, PrdDescription, PrdCost) values (81, 'Wine - White, Ej', 'Odocoileus hemionus', '$9.70');
insert into Product (PrdID, PrdName, PrdDescription, PrdCost) values (82, 'Oyster - In Shell', 'Larus dominicanus', '$2.10');
insert into Product (PrdID, PrdName, PrdDescription, PrdCost) values (83, 'Bonito Flakes - Toku Katsuo', 'Haliaetus leucogaster', '$9.55');
insert into Product (PrdID, PrdName, PrdDescription, PrdCost) values (84, 'Tart - Raisin And Pecan', 'unavailable', '$3.66');
insert into Product (PrdID, PrdName, PrdDescription, PrdCost) values (85, 'Table Cloth 90x90 Colour', 'Anas bahamensis', '$5.13');
insert into Product (PrdID, PrdName, PrdDescription, PrdCost) values (86, 'Salami - Genova', 'unavailable', '$5.57');
insert into Product (PrdID, PrdName, PrdDescription, PrdCost) values (87, 'Bread - Dark Rye, Loaf', 'Merops bullockoides', '$7.60');
insert into Product (PrdID, PrdName, PrdDescription, PrdCost) values (88, 'Wine - Red, Black Opal Shiraz', 'Potos flavus', '$2.16');
insert into Product (PrdID, PrdName, PrdDescription, PrdCost) values (89, 'Bag - Regular Kraft 20 Lb', 'Ara macao', '$8.44');
insert into Product (PrdID, PrdName, PrdDescription, PrdCost) values (90, 'Chicken - Ground', 'Tringa glareola', '$3.30');
insert into Product (PrdID, PrdName, PrdDescription, PrdCost) values (91, 'Syrup - Monin, Irish Cream', 'Ephipplorhynchus senegalensis', '$5.55');
insert into Product (PrdID, PrdName, PrdDescription, PrdCost) values (92, 'Bar Mix - Lime', 'Tadorna tadorna', '$5.39');
insert into Product (PrdID, PrdName, PrdDescription, PrdCost) values (93, 'Container - Hngd Cll Blk 7x7x3', 'unavailable', '$3.87');
insert into Product (PrdID, PrdName, PrdDescription, PrdCost) values (94, 'Cabbage - Green', 'Cercatetus concinnus', '$7.04');
insert into Product (PrdID, PrdName, PrdDescription, PrdCost) values (95, 'Cheese - Parmigiano Reggiano', 'Tachyglossus aculeatus', '$3.55');
insert into Product (PrdID, PrdName, PrdDescription, PrdCost) values (96, 'Pastry - Plain Baked Croissant', 'Grus canadensis', '$4.72');
insert into Product (PrdID, PrdName, PrdDescription, PrdCost) values (97, 'Sole - Dover, Whole, Fresh', 'Tenrec ecaudatus', '$5.60');
insert into Product (PrdID, PrdName, PrdDescription, PrdCost) values (98, 'Pepper - Gypsy Pepper', 'Bubo virginianus', '$9.91');
insert into Product (PrdID, PrdName, PrdDescription, PrdCost) values (99, 'Bread - Sticks, Thin, Plain', 'Echimys chrysurus', '$2.40');
insert into Product (PrdID, PrdName, PrdDescription, PrdCost) values (100, 'Brocolinni - Gaylan, Chinese', 'Pseudoleistes virescens', '$5.62');

insert into Hotel (BuildingID, City, Zip) values (1, 'Xekar', null);
insert into Hotel (BuildingID, City, Zip) values (2, 'Przybiernw', '72-110');
insert into Hotel (BuildingID, City, Zip) values (3, 'Greensboro', '27499');
insert into Hotel (BuildingID, City, Zip) values (4, 'Le Lamentin', '97294 CEDEX 2');
insert into Hotel (BuildingID, City, Zip) values (5, 'Bhamo', null);
insert into Hotel (BuildingID, City, Zip) values (6, 'Mont-Laurier', 'J9L');
insert into Hotel (BuildingID, City, Zip) values (7, 'Lugu', null);
insert into Hotel (BuildingID, City, Zip) values (8, 'Kruevac', null);
insert into Hotel (BuildingID, City, Zip) values (9, 'Devohostice', '751 14');
insert into Hotel (BuildingID, City, Zip) values (10, 'Phetchabun', '45110');
insert into Hotel (BuildingID, City, Zip) values (11, 'Djibouti', null);
insert into Hotel (BuildingID, City, Zip) values (12, 'Puerto Guzmn', '861088');
insert into Hotel (BuildingID, City, Zip) values (13, 'lesund', '6005');
insert into Hotel (BuildingID, City, Zip) values (14, 'Anabar', null);
insert into Hotel (BuildingID, City, Zip) values (15, 'Haukipudas', '90840');
insert into Hotel (BuildingID, City, Zip) values (16, 'Sorochinsk', '461949');
insert into Hotel (BuildingID, City, Zip) values (17, 'Zhigulevsk', '445359');
insert into Hotel (BuildingID, City, Zip) values (18, 'Debre Werk', null);
insert into Hotel (BuildingID, City, Zip) values (19, 'Padangcermin', null);
insert into Hotel (BuildingID, City, Zip) values (20, 'Kuala Lumpur', '50740');
insert into Hotel (BuildingID, City, Zip) values (21, 'Joinville', '89200-000');
insert into Hotel (BuildingID, City, Zip) values (22, 'Prez', '2121');
insert into Hotel (BuildingID, City, Zip) values (23, 'Gominhes', '4800-424');
insert into Hotel (BuildingID, City, Zip) values (24, 'Lublin', '20-960');
insert into Hotel (BuildingID, City, Zip) values (25, 'Berlin', '12307');
insert into Hotel (BuildingID, City, Zip) values (26, 'Gemena', null);
insert into Hotel (BuildingID, City, Zip) values (27, 'Huangzhawan', null);
insert into Hotel (BuildingID, City, Zip) values (28, 'San Isidro', '8421');
insert into Hotel (BuildingID, City, Zip) values (29, 'Mayma', '659780');
insert into Hotel (BuildingID, City, Zip) values (30, 'Bajia', null);
insert into Hotel (BuildingID, City, Zip) values (31, 'Ganshui', null);
insert into Hotel (BuildingID, City, Zip) values (32, 'Rio Preto da Eva', '69115-000');
insert into Hotel (BuildingID, City, Zip) values (33, 'Jingyu', null);
insert into Hotel (BuildingID, City, Zip) values (34, 'As Saddah', null);
insert into Hotel (BuildingID, City, Zip) values (35, 'Chengnan', null);
insert into Hotel (BuildingID, City, Zip) values (36, 'Ccuta', '540019');
insert into Hotel (BuildingID, City, Zip) values (37, 'Sortavala', '186793');
insert into Hotel (BuildingID, City, Zip) values (38, 'Bijeli', null);
insert into Hotel (BuildingID, City, Zip) values (39, 'Knivsta', '741 96');
insert into Hotel (BuildingID, City, Zip) values (40, 'Tazarine', null);
insert into Hotel (BuildingID, City, Zip) values (41, 'Yongan', null);
insert into Hotel (BuildingID, City, Zip) values (42, 'Basy', '338 24');
insert into Hotel (BuildingID, City, Zip) values (43, 'Ashcroft', 'L0R');
insert into Hotel (BuildingID, City, Zip) values (44, 'El Aguacate', '40687');
insert into Hotel (BuildingID, City, Zip) values (45, 'Jingang', null);
insert into Hotel (BuildingID, City, Zip) values (46, 'Rocky Mountain House', 'T4T');
insert into Hotel (BuildingID, City, Zip) values (47, 'Jhingergcha', '7420');
insert into Hotel (BuildingID, City, Zip) values (48, 'Tamanan', null);
insert into Hotel (BuildingID, City, Zip) values (49, 'Carrires-sur-Seine', '78424 CEDEX');
insert into Hotel (BuildingID, City, Zip) values (50, 'Nanhuatang', null);
insert into Hotel (BuildingID, City, Zip) values (51, 'Paris 03', '75151 CEDEX 03');
insert into Hotel (BuildingID, City, Zip) values (52, 'Tangxing', null);
insert into Hotel (BuildingID, City, Zip) values (53, 'Kebonsari', null);
insert into Hotel (BuildingID, City, Zip) values (54, 'Panawuan', null);
insert into Hotel (BuildingID, City, Zip) values (55, 'Linkping', '586 63');
insert into Hotel (BuildingID, City, Zip) values (56, 'Kajiado', null);
insert into Hotel (BuildingID, City, Zip) values (57, 'Campurrejo', null);
insert into Hotel (BuildingID, City, Zip) values (58, 'Zhongbu', null);
insert into Hotel (BuildingID, City, Zip) values (59, 'Kovdor', '633375');
insert into Hotel (BuildingID, City, Zip) values (60, 'Sveg', '842 93');
insert into Hotel (BuildingID, City, Zip) values (61, 'Gteborg', '403 13');
insert into Hotel (BuildingID, City, Zip) values (62, 'Grabw nad Prosn', '90-510');
insert into Hotel (BuildingID, City, Zip) values (63, 'Lianokldhion', null);
insert into Hotel (BuildingID, City, Zip) values (64, 'Quebo', null);
insert into Hotel (BuildingID, City, Zip) values (65, 'Portalegre', '7300-006');
insert into Hotel (BuildingID, City, Zip) values (66, 'Zhangjiabao', null);
insert into Hotel (BuildingID, City, Zip) values (67, 'Embu', '06800-000');
insert into Hotel (BuildingID, City, Zip) values (68, 'Rants', null);
insert into Hotel (BuildingID, City, Zip) values (69, 'Dong Liangerzhuang', null);
insert into Hotel (BuildingID, City, Zip) values (70, 'Palhoa', '88130-000');
insert into Hotel (BuildingID, City, Zip) values (71, 'Tucson', '85754');
insert into Hotel (BuildingID, City, Zip) values (72, 'Yimamu', null);
insert into Hotel (BuildingID, City, Zip) values (73, 'Uchaly', '453703');
insert into Hotel (BuildingID, City, Zip) values (74, 'Borek Wielkopolski', '63-810');
insert into Hotel (BuildingID, City, Zip) values (75, 'Jiuxian', null);
insert into Hotel (BuildingID, City, Zip) values (76, 'ml', '662 24');
insert into Hotel (BuildingID, City, Zip) values (77, 'Jiale', null);
insert into Hotel (BuildingID, City, Zip) values (78, 'Tarczyn', '05-555');
insert into Hotel (BuildingID, City, Zip) values (79, 'Mpanda', null);
insert into Hotel (BuildingID, City, Zip) values (80, 'Lamotrek', null);
insert into Hotel (BuildingID, City, Zip) values (81, 'Oepuah', null);
insert into Hotel (BuildingID, City, Zip) values (82, 'Sdertlje', '151 22');
insert into Hotel (BuildingID, City, Zip) values (83, 'Pato Branco', '85500-000');
insert into Hotel (BuildingID, City, Zip) values (84, 'Erfurt', '99089');
insert into Hotel (BuildingID, City, Zip) values (85, 'Placer', '8405');
insert into Hotel (BuildingID, City, Zip) values (86, 'Batuna Satu', null);
insert into Hotel (BuildingID, City, Zip) values (87, 'Luruaco', '085068');
insert into Hotel (BuildingID, City, Zip) values (88, 'Agbani', null);
insert into Hotel (BuildingID, City, Zip) values (89, 'Bogor', null);
insert into Hotel (BuildingID, City, Zip) values (90, 'Muarapinang', null);
insert into Hotel (BuildingID, City, Zip) values (91, 'Al Qrah', null);
insert into Hotel (BuildingID, City, Zip) values (92, 'Kayima', null);
insert into Hotel (BuildingID, City, Zip) values (93, 'Velyki Mezhyrichi', null);
insert into Hotel (BuildingID, City, Zip) values (94, 'Gatbo', '4419');
insert into Hotel (BuildingID, City, Zip) values (95, 'Chengmen', null);
insert into Hotel (BuildingID, City, Zip) values (96, 'Kumba', null);
insert into Hotel (BuildingID, City, Zip) values (97, 'Church End', 'N3');
insert into Hotel (BuildingID, City, Zip) values (98, 'Trojanw', '08-455');
insert into Hotel (BuildingID, City, Zip) values (99, 'S', '5100-121');
insert into Hotel (BuildingID, City, Zip) values (100, 'Puerto Varas', null);

insert into Room (RoomID, RoomNum, NumBeds, BedType, BuildingID) values (1, 1, 2, 'Queen', 4);
insert into Room (RoomID, RoomNum, NumBeds, BedType, BuildingID) values (2, 2, 1, 'Queen', 5);
insert into Room (RoomID, RoomNum, NumBeds, BedType, BuildingID) values (3, 3, 2, 'Twin', 1);
insert into Room (RoomID, RoomNum, NumBeds, BedType, BuildingID) values (4, 4, 2, 'King', 2);
insert into Room (RoomID, RoomNum, NumBeds, BedType, BuildingID) values (5, 5, 2, 'Twin', 2);
insert into Room (RoomID, RoomNum, NumBeds, BedType, BuildingID) values (6, 6, 1, 'King', 1);
insert into Room (RoomID, RoomNum, NumBeds, BedType, BuildingID) values (7, 7, 2, 'King', 1);
insert into Room (RoomID, RoomNum, NumBeds, BedType, BuildingID) values (8, 8, 2, 'Twin', 5);
insert into Room (RoomID, RoomNum, NumBeds, BedType, BuildingID) values (9, 9, 2, 'Twin', 4);
insert into Room (RoomID, RoomNum, NumBeds, BedType, BuildingID) values (10, 10, 1, 'King', 4);
insert into Room (RoomID, RoomNum, NumBeds, BedType, BuildingID) values (11, 11, 2, 'Twin', 2);
insert into Room (RoomID, RoomNum, NumBeds, BedType, BuildingID) values (12, 12, 2, 'King', 5);
insert into Room (RoomID, RoomNum, NumBeds, BedType, BuildingID) values (13, 13, 2, 'Queen', 3);
insert into Room (RoomID, RoomNum, NumBeds, BedType, BuildingID) values (14, 14, 2, 'King', 1);
insert into Room (RoomID, RoomNum, NumBeds, BedType, BuildingID) values (15, 15, 2, 'Twin', 5);
insert into Room (RoomID, RoomNum, NumBeds, BedType, BuildingID) values (16, 16, 1, 'King', 5);
insert into Room (RoomID, RoomNum, NumBeds, BedType, BuildingID) values (17, 17, 2, 'King', 1);
insert into Room (RoomID, RoomNum, NumBeds, BedType, BuildingID) values (18, 18, 2, 'Queen', 5);
insert into Room (RoomID, RoomNum, NumBeds, BedType, BuildingID) values (19, 19, 2, 'Queen', 2);
insert into Room (RoomID, RoomNum, NumBeds, BedType, BuildingID) values (20, 20, 2, 'Queen', 1);
insert into Room (RoomID, RoomNum, NumBeds, BedType, BuildingID) values (21, 21, 2, 'King', 1);
insert into Room (RoomID, RoomNum, NumBeds, BedType, BuildingID) values (22, 22, 1, 'Queen', 4);
insert into Room (RoomID, RoomNum, NumBeds, BedType, BuildingID) values (23, 23, 2, 'Twin', 1);
insert into Room (RoomID, RoomNum, NumBeds, BedType, BuildingID) values (24, 24, 1, 'Twin', 1);
insert into Room (RoomID, RoomNum, NumBeds, BedType, BuildingID) values (25, 25, 2, 'King', 5);
insert into Room (RoomID, RoomNum, NumBeds, BedType, BuildingID) values (26, 26, 1, 'Queen', 5);
insert into Room (RoomID, RoomNum, NumBeds, BedType, BuildingID) values (27, 27, 2, 'Queen', 2);
insert into Room (RoomID, RoomNum, NumBeds, BedType, BuildingID) values (28, 28, 1, 'Queen', 4);
insert into Room (RoomID, RoomNum, NumBeds, BedType, BuildingID) values (29, 29, 2, 'Queen', 1);
insert into Room (RoomID, RoomNum, NumBeds, BedType, BuildingID) values (30, 30, 1, 'Twin', 4);
insert into Room (RoomID, RoomNum, NumBeds, BedType, BuildingID) values (31, 1, 1, 'Twin', 1);
insert into Room (RoomID, RoomNum, NumBeds, BedType, BuildingID) values (32, 2, 1, 'Twin', 1);
insert into Room (RoomID, RoomNum, NumBeds, BedType, BuildingID) values (33, 3, 1, 'King', 4);
insert into Room (RoomID, RoomNum, NumBeds, BedType, BuildingID) values (34, 4, 2, 'Queen', 3);
insert into Room (RoomID, RoomNum, NumBeds, BedType, BuildingID) values (35, 5, 2, 'Queen', 5);
insert into Room (RoomID, RoomNum, NumBeds, BedType, BuildingID) values (36, 6, 1, 'Twin', 5);
insert into Room (RoomID, RoomNum, NumBeds, BedType, BuildingID) values (37, 7, 1, 'Twin', 4);
insert into Room (RoomID, RoomNum, NumBeds, BedType, BuildingID) values (38, 8, 2, 'Queen', 2);
insert into Room (RoomID, RoomNum, NumBeds, BedType, BuildingID) values (39, 9, 1, 'King', 1);
insert into Room (RoomID, RoomNum, NumBeds, BedType, BuildingID) values (40, 10, 2, 'King', 2);
insert into Room (RoomID, RoomNum, NumBeds, BedType, BuildingID) values (41, 11, 2, 'Twin', 1);
insert into Room (RoomID, RoomNum, NumBeds, BedType, BuildingID) values (42, 12, 1, 'King', 3);
insert into Room (RoomID, RoomNum, NumBeds, BedType, BuildingID) values (43, 13, 1, 'Twin', 5);
insert into Room (RoomID, RoomNum, NumBeds, BedType, BuildingID) values (44, 14, 2, 'Queen', 3);
insert into Room (RoomID, RoomNum, NumBeds, BedType, BuildingID) values (45, 15, 2, 'Twin', 1);
insert into Room (RoomID, RoomNum, NumBeds, BedType, BuildingID) values (46, 16, 1, 'Twin', 4);
insert into Room (RoomID, RoomNum, NumBeds, BedType, BuildingID) values (47, 17, 2, 'Queen', 5);
insert into Room (RoomID, RoomNum, NumBeds, BedType, BuildingID) values (48, 18, 2, 'Queen', 4);
insert into Room (RoomID, RoomNum, NumBeds, BedType, BuildingID) values (49, 19, 2, 'King', 3);
insert into Room (RoomID, RoomNum, NumBeds, BedType, BuildingID) values (50, 20, 2, 'Queen', 2);
insert into Room (RoomID, RoomNum, NumBeds, BedType, BuildingID) values (51, 21, 1, 'Queen', 5);
insert into Room (RoomID, RoomNum, NumBeds, BedType, BuildingID) values (52, 22, 2, 'Queen', 3);
insert into Room (RoomID, RoomNum, NumBeds, BedType, BuildingID) values (53, 23, 1, 'Queen', 2);
insert into Room (RoomID, RoomNum, NumBeds, BedType, BuildingID) values (54, 24, 2, 'King', 5);
insert into Room (RoomID, RoomNum, NumBeds, BedType, BuildingID) values (55, 25, 1, 'Twin', 4);
insert into Room (RoomID, RoomNum, NumBeds, BedType, BuildingID) values (56, 26, 2, 'King', 2);
insert into Room (RoomID, RoomNum, NumBeds, BedType, BuildingID) values (57, 27, 1, 'Twin', 1);
insert into Room (RoomID, RoomNum, NumBeds, BedType, BuildingID) values (58, 28, 1, 'Twin', 4);
insert into Room (RoomID, RoomNum, NumBeds, BedType, BuildingID) values (59, 29, 2, 'Twin', 5);
insert into Room (RoomID, RoomNum, NumBeds, BedType, BuildingID) values (60, 30, 1, 'King', 2);
insert into Room (RoomID, RoomNum, NumBeds, BedType, BuildingID) values (61, 1, 2, 'King', 1);
insert into Room (RoomID, RoomNum, NumBeds, BedType, BuildingID) values (62, 2, 1, 'Queen', 3);
insert into Room (RoomID, RoomNum, NumBeds, BedType, BuildingID) values (63, 3, 2, 'Twin', 3);
insert into Room (RoomID, RoomNum, NumBeds, BedType, BuildingID) values (64, 4, 2, 'Twin', 1);
insert into Room (RoomID, RoomNum, NumBeds, BedType, BuildingID) values (65, 5, 1, 'King', 3);
insert into Room (RoomID, RoomNum, NumBeds, BedType, BuildingID) values (66, 6, 2, 'King', 3);
insert into Room (RoomID, RoomNum, NumBeds, BedType, BuildingID) values (67, 7, 2, 'Twin', 3);
insert into Room (RoomID, RoomNum, NumBeds, BedType, BuildingID) values (68, 8, 2, 'Queen', 1);
insert into Room (RoomID, RoomNum, NumBeds, BedType, BuildingID) values (69, 9, 2, 'King', 4);
insert into Room (RoomID, RoomNum, NumBeds, BedType, BuildingID) values (70, 10, 1, 'King', 2);
insert into Room (RoomID, RoomNum, NumBeds, BedType, BuildingID) values (71, 11, 1, 'King', 4);
insert into Room (RoomID, RoomNum, NumBeds, BedType, BuildingID) values (72, 12, 2, 'Queen', 1);
insert into Room (RoomID, RoomNum, NumBeds, BedType, BuildingID) values (73, 13, 2, 'Twin', 4);
insert into Room (RoomID, RoomNum, NumBeds, BedType, BuildingID) values (74, 14, 2, 'King', 1);
insert into Room (RoomID, RoomNum, NumBeds, BedType, BuildingID) values (75, 15, 2, 'Queen', 4);
insert into Room (RoomID, RoomNum, NumBeds, BedType, BuildingID) values (76, 16, 1, 'Twin', 4);
insert into Room (RoomID, RoomNum, NumBeds, BedType, BuildingID) values (77, 17, 1, 'Twin', 2);
insert into Room (RoomID, RoomNum, NumBeds, BedType, BuildingID) values (78, 18, 1, 'King', 1);
insert into Room (RoomID, RoomNum, NumBeds, BedType, BuildingID) values (79, 19, 1, 'King', 2);
insert into Room (RoomID, RoomNum, NumBeds, BedType, BuildingID) values (80, 20, 1, 'Twin', 1);
insert into Room (RoomID, RoomNum, NumBeds, BedType, BuildingID) values (81, 21, 1, 'Twin', 1);
insert into Room (RoomID, RoomNum, NumBeds, BedType, BuildingID) values (82, 22, 2, 'Queen', 2);
insert into Room (RoomID, RoomNum, NumBeds, BedType, BuildingID) values (83, 23, 2, 'King', 2);
insert into Room (RoomID, RoomNum, NumBeds, BedType, BuildingID) values (84, 24, 2, 'Queen', 5);
insert into Room (RoomID, RoomNum, NumBeds, BedType, BuildingID) values (85, 25, 2, 'Twin', 2);
insert into Room (RoomID, RoomNum, NumBeds, BedType, BuildingID) values (86, 26, 2, 'Queen', 5);
insert into Room (RoomID, RoomNum, NumBeds, BedType, BuildingID) values (87, 27, 2, 'Twin', 5);
insert into Room (RoomID, RoomNum, NumBeds, BedType, BuildingID) values (88, 28, 2, 'Twin', 5);
insert into Room (RoomID, RoomNum, NumBeds, BedType, BuildingID) values (89, 29, 1, 'Queen', 1);
insert into Room (RoomID, RoomNum, NumBeds, BedType, BuildingID) values (90, 30, 2, 'Queen', 5);
insert into Room (RoomID, RoomNum, NumBeds, BedType, BuildingID) values (91, 1, 1, 'King', 1);
insert into Room (RoomID, RoomNum, NumBeds, BedType, BuildingID) values (92, 2, 1, 'King', 2);
insert into Room (RoomID, RoomNum, NumBeds, BedType, BuildingID) values (93, 3, 2, 'King', 2);
insert into Room (RoomID, RoomNum, NumBeds, BedType, BuildingID) values (94, 4, 1, 'King', 1);
insert into Room (RoomID, RoomNum, NumBeds, BedType, BuildingID) values (95, 5, 2, 'King', 3);
insert into Room (RoomID, RoomNum, NumBeds, BedType, BuildingID) values (96, 6, 2, 'King', 2);
insert into Room (RoomID, RoomNum, NumBeds, BedType, BuildingID) values (97, 7, 1, 'King', 1);
insert into Room (RoomID, RoomNum, NumBeds, BedType, BuildingID) values (98, 8, 2, 'Queen', 5);
insert into Room (RoomID, RoomNum, NumBeds, BedType, BuildingID) values (99, 9, 2, 'Twin', 2);
insert into Room (RoomID, RoomNum, NumBeds, BedType, BuildingID) values (100, 10, 2, 'Queen', 3);

insert into RoomAmenities (AmenityID, AmenityName, RoomID) values (1, '2018/09/02', 39);
insert into RoomAmenities (AmenityID, AmenityName, RoomID) values (2, '2018/03/27', 65);
insert into RoomAmenities (AmenityID, AmenityName, RoomID) values (3, '2017/12/19', 35);
insert into RoomAmenities (AmenityID, AmenityName, RoomID) values (4, '2017/11/10', 29);
insert into RoomAmenities (AmenityID, AmenityName, RoomID) values (5, '2018/03/10', 57);
insert into RoomAmenities (AmenityID, AmenityName, RoomID) values (6, '2018/10/10', 15);
insert into RoomAmenities (AmenityID, AmenityName, RoomID) values (7, '2018/04/14', 62);
insert into RoomAmenities (AmenityID, AmenityName, RoomID) values (8, '2018/01/22', 30);
insert into RoomAmenities (AmenityID, AmenityName, RoomID) values (9, '2018/02/14', 52);
insert into RoomAmenities (AmenityID, AmenityName, RoomID) values (10, '2018/01/19', 81);
insert into RoomAmenities (AmenityID, AmenityName, RoomID) values (11, '2017/11/02', 16);
insert into RoomAmenities (AmenityID, AmenityName, RoomID) values (12, '2018/01/27', 94);
insert into RoomAmenities (AmenityID, AmenityName, RoomID) values (13, '2018/06/13', 85);
insert into RoomAmenities (AmenityID, AmenityName, RoomID) values (14, '2018/10/09', 17);
insert into RoomAmenities (AmenityID, AmenityName, RoomID) values (15, '2017/12/21', 27);
insert into RoomAmenities (AmenityID, AmenityName, RoomID) values (16, '2018/08/17', 33);
insert into RoomAmenities (AmenityID, AmenityName, RoomID) values (17, '2018/08/06', 12);
insert into RoomAmenities (AmenityID, AmenityName, RoomID) values (18, '2017/10/14', 94);
insert into RoomAmenities (AmenityID, AmenityName, RoomID) values (19, '2017/12/06', 69);
insert into RoomAmenities (AmenityID, AmenityName, RoomID) values (20, '2018/06/30', 94);
insert into RoomAmenities (AmenityID, AmenityName, RoomID) values (21, '2018/07/25', 82);
insert into RoomAmenities (AmenityID, AmenityName, RoomID) values (22, '2018/05/23', 78);
insert into RoomAmenities (AmenityID, AmenityName, RoomID) values (23, '2018/07/21', 41);
insert into RoomAmenities (AmenityID, AmenityName, RoomID) values (24, '2018/03/04', 49);
insert into RoomAmenities (AmenityID, AmenityName, RoomID) values (25, '2017/10/23', 90);
insert into RoomAmenities (AmenityID, AmenityName, RoomID) values (26, '2018/05/12', 5);
insert into RoomAmenities (AmenityID, AmenityName, RoomID) values (27, '2018/06/08', 57);
insert into RoomAmenities (AmenityID, AmenityName, RoomID) values (28, '2018/04/13', 86);
insert into RoomAmenities (AmenityID, AmenityName, RoomID) values (29, '2018/06/14', 42);
insert into RoomAmenities (AmenityID, AmenityName, RoomID) values (30, '2018/01/17', 76);
insert into RoomAmenities (AmenityID, AmenityName, RoomID) values (31, '2018/05/18', 82);
insert into RoomAmenities (AmenityID, AmenityName, RoomID) values (32, '2018/09/06', 45);
insert into RoomAmenities (AmenityID, AmenityName, RoomID) values (33, '2018/05/14', 80);
insert into RoomAmenities (AmenityID, AmenityName, RoomID) values (34, '2017/10/31', 1);
insert into RoomAmenities (AmenityID, AmenityName, RoomID) values (35, '2018/02/04', 5);
insert into RoomAmenities (AmenityID, AmenityName, RoomID) values (36, '2018/04/03', 4);
insert into RoomAmenities (AmenityID, AmenityName, RoomID) values (37, '2017/10/19', 26);
insert into RoomAmenities (AmenityID, AmenityName, RoomID) values (38, '2018/05/28', 31);
insert into RoomAmenities (AmenityID, AmenityName, RoomID) values (39, '2018/03/06', 3);
insert into RoomAmenities (AmenityID, AmenityName, RoomID) values (40, '2018/06/18', 49);
insert into RoomAmenities (AmenityID, AmenityName, RoomID) values (41, '2018/03/07', 30);
insert into RoomAmenities (AmenityID, AmenityName, RoomID) values (42, '2017/12/24', 23);
insert into RoomAmenities (AmenityID, AmenityName, RoomID) values (43, '2018/06/21', 76);
insert into RoomAmenities (AmenityID, AmenityName, RoomID) values (44, '2018/01/17', 35);
insert into RoomAmenities (AmenityID, AmenityName, RoomID) values (45, '2017/11/16', 78);
insert into RoomAmenities (AmenityID, AmenityName, RoomID) values (46, '2018/02/22', 100);
insert into RoomAmenities (AmenityID, AmenityName, RoomID) values (47, '2018/04/24', 60);
insert into RoomAmenities (AmenityID, AmenityName, RoomID) values (48, '2018/03/28', 86);
insert into RoomAmenities (AmenityID, AmenityName, RoomID) values (49, '2018/07/19', 10);
insert into RoomAmenities (AmenityID, AmenityName, RoomID) values (50, '2018/09/04', 22);
insert into RoomAmenities (AmenityID, AmenityName, RoomID) values (51, '2018/08/30', 46);
insert into RoomAmenities (AmenityID, AmenityName, RoomID) values (52, '2018/06/04', 89);
insert into RoomAmenities (AmenityID, AmenityName, RoomID) values (53, '2017/10/24', 84);
insert into RoomAmenities (AmenityID, AmenityName, RoomID) values (54, '2018/01/21', 29);
insert into RoomAmenities (AmenityID, AmenityName, RoomID) values (55, '2017/12/01', 50);
insert into RoomAmenities (AmenityID, AmenityName, RoomID) values (56, '2018/04/19', 2);
insert into RoomAmenities (AmenityID, AmenityName, RoomID) values (57, '2018/09/13', 6);
insert into RoomAmenities (AmenityID, AmenityName, RoomID) values (58, '2018/07/24', 9);
insert into RoomAmenities (AmenityID, AmenityName, RoomID) values (59, '2018/05/03', 42);
insert into RoomAmenities (AmenityID, AmenityName, RoomID) values (60, '2018/06/07', 49);
insert into RoomAmenities (AmenityID, AmenityName, RoomID) values (61, '2018/07/12', 61);
insert into RoomAmenities (AmenityID, AmenityName, RoomID) values (62, '2017/11/20', 61);
insert into RoomAmenities (AmenityID, AmenityName, RoomID) values (63, '2017/11/04', 68);
insert into RoomAmenities (AmenityID, AmenityName, RoomID) values (64, '2018/03/28', 91);
insert into RoomAmenities (AmenityID, AmenityName, RoomID) values (65, '2018/07/13', 88);
insert into RoomAmenities (AmenityID, AmenityName, RoomID) values (66, '2018/09/27', 54);
insert into RoomAmenities (AmenityID, AmenityName, RoomID) values (67, '2018/09/26', 86);
insert into RoomAmenities (AmenityID, AmenityName, RoomID) values (68, '2017/11/05', 11);
insert into RoomAmenities (AmenityID, AmenityName, RoomID) values (69, '2018/02/14', 62);
insert into RoomAmenities (AmenityID, AmenityName, RoomID) values (70, '2018/07/20', 13);
insert into RoomAmenities (AmenityID, AmenityName, RoomID) values (71, '2018/07/08', 59);
insert into RoomAmenities (AmenityID, AmenityName, RoomID) values (72, '2018/06/20', 50);
insert into RoomAmenities (AmenityID, AmenityName, RoomID) values (73, '2018/06/08', 44);
insert into RoomAmenities (AmenityID, AmenityName, RoomID) values (74, '2018/02/18', 63);
insert into RoomAmenities (AmenityID, AmenityName, RoomID) values (75, '2018/01/26', 92);
insert into RoomAmenities (AmenityID, AmenityName, RoomID) values (76, '2018/03/03', 71);
insert into RoomAmenities (AmenityID, AmenityName, RoomID) values (77, '2018/04/28', 95);
insert into RoomAmenities (AmenityID, AmenityName, RoomID) values (78, '2018/03/23', 9);
insert into RoomAmenities (AmenityID, AmenityName, RoomID) values (79, '2018/04/15', 1);
insert into RoomAmenities (AmenityID, AmenityName, RoomID) values (80, '2018/08/31', 19);
insert into RoomAmenities (AmenityID, AmenityName, RoomID) values (81, '2018/02/17', 48);
insert into RoomAmenities (AmenityID, AmenityName, RoomID) values (82, '2018/07/27', 11);
insert into RoomAmenities (AmenityID, AmenityName, RoomID) values (83, '2017/12/23', 35);
insert into RoomAmenities (AmenityID, AmenityName, RoomID) values (84, '2018/07/30', 65);
insert into RoomAmenities (AmenityID, AmenityName, RoomID) values (85, '2017/10/17', 53);
insert into RoomAmenities (AmenityID, AmenityName, RoomID) values (86, '2018/08/18', 53);
insert into RoomAmenities (AmenityID, AmenityName, RoomID) values (87, '2018/03/22', 17);
insert into RoomAmenities (AmenityID, AmenityName, RoomID) values (88, '2017/10/17', 19);
insert into RoomAmenities (AmenityID, AmenityName, RoomID) values (89, '2018/06/22', 22);
insert into RoomAmenities (AmenityID, AmenityName, RoomID) values (90, '2018/04/19', 62);
insert into RoomAmenities (AmenityID, AmenityName, RoomID) values (91, '2018/01/09', 90);
insert into RoomAmenities (AmenityID, AmenityName, RoomID) values (92, '2018/05/12', 50);
insert into RoomAmenities (AmenityID, AmenityName, RoomID) values (93, '2018/01/13', 2);
insert into RoomAmenities (AmenityID, AmenityName, RoomID) values (94, '2017/11/21', 28);
insert into RoomAmenities (AmenityID, AmenityName, RoomID) values (95, '2018/09/09', 4);
insert into RoomAmenities (AmenityID, AmenityName, RoomID) values (96, '2018/04/26', 87);
insert into RoomAmenities (AmenityID, AmenityName, RoomID) values (97, '2017/11/26', 69);
insert into RoomAmenities (AmenityID, AmenityName, RoomID) values (98, '2018/06/07', 99);
insert into RoomAmenities (AmenityID, AmenityName, RoomID) values (99, '2018/01/15', 34);
insert into RoomAmenities (AmenityID, AmenityName, RoomID) values (100, '2018/02/01', 29);

insert into Reservation (RestID, DateStart, DateEnd, BuildingLocation, BuildingID) values (1, '2018/07/29', '2018/03/15', '7194 Quincy Plaza', 2);
insert into Reservation (RestID, DateStart, DateEnd, BuildingLocation, BuildingID) values (2, '2018/01/27', '2018/04/11', '745 Sycamore Place', 3);
insert into Reservation (RestID, DateStart, DateEnd, BuildingLocation, BuildingID) values (3, '2018/04/11', '2018/01/22', '1969 Trailsway Trail', 2);
insert into Reservation (RestID, DateStart, DateEnd, BuildingLocation, BuildingID) values (4, '2017/10/26', '2018/08/27', '93 Huxley Junction', 3);
insert into Reservation (RestID, DateStart, DateEnd, BuildingLocation, BuildingID) values (5, '2018/03/24', '2017/11/06', '18766 West Street', 2);
insert into Reservation (RestID, DateStart, DateEnd, BuildingLocation, BuildingID) values (6, '2018/07/06', '2017/12/25', '15 Barby Parkway', 5);
insert into Reservation (RestID, DateStart, DateEnd, BuildingLocation, BuildingID) values (7, '2017/12/24', '2018/04/08', '0 Tennyson Place', 4);
insert into Reservation (RestID, DateStart, DateEnd, BuildingLocation, BuildingID) values (8, '2018/02/27', '2018/07/07', '76533 Mitchell Park', 1);
insert into Reservation (RestID, DateStart, DateEnd, BuildingLocation, BuildingID) values (9, '2018/08/15', '2017/11/01', '81360 Quincy Road', 4);
insert into Reservation (RestID, DateStart, DateEnd, BuildingLocation, BuildingID) values (10, '2017/10/26', '2018/10/09', '42 Aberg Center', 5);
insert into Reservation (RestID, DateStart, DateEnd, BuildingLocation, BuildingID) values (11, '2018/01/24', '2018/10/07', '5267 Ridgeview Crossing', 3);
insert into Reservation (RestID, DateStart, DateEnd, BuildingLocation, BuildingID) values (12, '2017/12/18', '2018/05/18', '2 Mallard Park', 5);
insert into Reservation (RestID, DateStart, DateEnd, BuildingLocation, BuildingID) values (13, '2017/10/20', '2017/12/05', '3 Eggendart Point', 4);
insert into Reservation (RestID, DateStart, DateEnd, BuildingLocation, BuildingID) values (14, '2017/11/17', '2018/09/09', '54925 Clarendon Road', 3);
insert into Reservation (RestID, DateStart, DateEnd, BuildingLocation, BuildingID) values (15, '2018/04/29', '2018/03/08', '422 Carioca Avenue', 1);
insert into Reservation (RestID, DateStart, DateEnd, BuildingLocation, BuildingID) values (16, '2017/12/04', '2018/06/13', '28240 Havey Alley', 5);
insert into Reservation (RestID, DateStart, DateEnd, BuildingLocation, BuildingID) values (17, '2018/06/29', '2018/10/05', '5152 Kensington Hill', 3);
insert into Reservation (RestID, DateStart, DateEnd, BuildingLocation, BuildingID) values (18, '2018/06/14', '2018/04/03', '4318 Old Shore Terrace', 5);
insert into Reservation (RestID, DateStart, DateEnd, BuildingLocation, BuildingID) values (19, '2017/12/29', '2018/05/11', '7 Lunder Street', 1);
insert into Reservation (RestID, DateStart, DateEnd, BuildingLocation, BuildingID) values (20, '2018/01/22', '2018/01/15', '95122 Mallard Pass', 4);
insert into Reservation (RestID, DateStart, DateEnd, BuildingLocation, BuildingID) values (21, '2018/03/14', '2017/12/11', '49160 Westport Trail', 1);
insert into Reservation (RestID, DateStart, DateEnd, BuildingLocation, BuildingID) values (22, '2018/08/28', '2017/11/25', '56349 Pine View Center', 3);
insert into Reservation (RestID, DateStart, DateEnd, BuildingLocation, BuildingID) values (23, '2018/01/27', '2018/03/12', '2 Cherokee Circle', 4);
insert into Reservation (RestID, DateStart, DateEnd, BuildingLocation, BuildingID) values (24, '2018/10/02', '2018/08/05', '78550 Meadow Ridge Lane', 4);
insert into Reservation (RestID, DateStart, DateEnd, BuildingLocation, BuildingID) values (25, '2018/07/26', '2018/06/09', '27 Pierstorff Parkway', 5);
insert into Reservation (RestID, DateStart, DateEnd, BuildingLocation, BuildingID) values (26, '2018/09/01', '2018/08/11', '17 Forster Alley', 2);
insert into Reservation (RestID, DateStart, DateEnd, BuildingLocation, BuildingID) values (27, '2017/11/03', '2018/04/19', '30916 Redwing Avenue', 5);
insert into Reservation (RestID, DateStart, DateEnd, BuildingLocation, BuildingID) values (28, '2018/04/11', '2018/05/24', '05 Fuller Hill', 1);
insert into Reservation (RestID, DateStart, DateEnd, BuildingLocation, BuildingID) values (29, '2018/07/19', '2018/08/14', '26 Larry Hill', 3);
insert into Reservation (RestID, DateStart, DateEnd, BuildingLocation, BuildingID) values (30, '2017/12/17', '2018/10/11', '2 Hollow Ridge Junction', 3);
insert into Reservation (RestID, DateStart, DateEnd, BuildingLocation, BuildingID) values (31, '2018/01/02', '2018/08/04', '11080 Autumn Leaf Alley', 5);
insert into Reservation (RestID, DateStart, DateEnd, BuildingLocation, BuildingID) values (32, '2018/07/04', '2018/10/07', '9 Fulton Crossing', 5);
insert into Reservation (RestID, DateStart, DateEnd, BuildingLocation, BuildingID) values (33, '2018/01/09', '2018/07/04', '8 Lindbergh Street', 1);
insert into Reservation (RestID, DateStart, DateEnd, BuildingLocation, BuildingID) values (34, '2018/10/03', '2017/10/27', '53 Stang Crossing', 5);
insert into Reservation (RestID, DateStart, DateEnd, BuildingLocation, BuildingID) values (35, '2018/08/11', '2017/11/14', '650 Starling Avenue', 5);
insert into Reservation (RestID, DateStart, DateEnd, BuildingLocation, BuildingID) values (36, '2018/08/25', '2018/01/18', '3805 Holy Cross Place', 2);
insert into Reservation (RestID, DateStart, DateEnd, BuildingLocation, BuildingID) values (37, '2018/02/12', '2017/12/23', '022 Hanson Avenue', 2);
insert into Reservation (RestID, DateStart, DateEnd, BuildingLocation, BuildingID) values (38, '2018/03/20', '2017/10/18', '741 Sutteridge Way', 4);
insert into Reservation (RestID, DateStart, DateEnd, BuildingLocation, BuildingID) values (39, '2018/01/06', '2018/03/16', '81 Straubel Parkway', 3);
insert into Reservation (RestID, DateStart, DateEnd, BuildingLocation, BuildingID) values (40, '2017/10/29', '2017/10/23', '0971 Anniversary Court', 3);
insert into Reservation (RestID, DateStart, DateEnd, BuildingLocation, BuildingID) values (41, '2018/07/17', '2018/05/03', '4230 Debra Trail', 3);
insert into Reservation (RestID, DateStart, DateEnd, BuildingLocation, BuildingID) values (42, '2018/07/04', '2018/07/18', '3 La Follette Lane', 5);
insert into Reservation (RestID, DateStart, DateEnd, BuildingLocation, BuildingID) values (43, '2017/12/06', '2018/03/23', '4 Debra Terrace', 5);
insert into Reservation (RestID, DateStart, DateEnd, BuildingLocation, BuildingID) values (44, '2018/05/06', '2018/04/03', '2 Village Alley', 1);
insert into Reservation (RestID, DateStart, DateEnd, BuildingLocation, BuildingID) values (45, '2018/07/14', '2018/08/11', '76 Menomonie Court', 3);
insert into Reservation (RestID, DateStart, DateEnd, BuildingLocation, BuildingID) values (46, '2017/12/28', '2018/04/11', '49 Caliangt Parkway', 2);
insert into Reservation (RestID, DateStart, DateEnd, BuildingLocation, BuildingID) values (47, '2018/03/01', '2018/05/09', '44114 Gulseth Street', 1);
insert into Reservation (RestID, DateStart, DateEnd, BuildingLocation, BuildingID) values (48, '2017/11/21', '2018/02/18', '508 Bay Avenue', 3);
insert into Reservation (RestID, DateStart, DateEnd, BuildingLocation, BuildingID) values (49, '2018/09/27', '2018/05/06', '6 Golf Course Park', 4);
insert into Reservation (RestID, DateStart, DateEnd, BuildingLocation, BuildingID) values (50, '2018/04/03', '2018/02/28', '3 Pankratz Alley', 4);
insert into Reservation (RestID, DateStart, DateEnd, BuildingLocation, BuildingID) values (51, '2018/07/23', '2018/01/07', '0372 Fulton Road', 1);
insert into Reservation (RestID, DateStart, DateEnd, BuildingLocation, BuildingID) values (52, '2018/05/12', '2017/12/21', '80 Cody Road', 5);
insert into Reservation (RestID, DateStart, DateEnd, BuildingLocation, BuildingID) values (53, '2018/04/20', '2018/06/12', '643 Longview Alley', 2);
insert into Reservation (RestID, DateStart, DateEnd, BuildingLocation, BuildingID) values (54, '2017/10/20', '2018/05/04', '72400 Shelley Point', 2);
insert into Reservation (RestID, DateStart, DateEnd, BuildingLocation, BuildingID) values (55, '2017/10/26', '2018/09/02', '022 Summer Ridge Point', 4);
insert into Reservation (RestID, DateStart, DateEnd, BuildingLocation, BuildingID) values (56, '2018/01/01', '2017/12/21', '333 Towne Way', 4);
insert into Reservation (RestID, DateStart, DateEnd, BuildingLocation, BuildingID) values (57, '2018/07/04', '2018/07/01', '95 Moose Trail', 2);
insert into Reservation (RestID, DateStart, DateEnd, BuildingLocation, BuildingID) values (58, '2018/05/04', '2018/06/22', '55836 Fair Oaks Circle', 2);
insert into Reservation (RestID, DateStart, DateEnd, BuildingLocation, BuildingID) values (59, '2018/05/25', '2017/12/11', '9 Dixon Lane', 2);
insert into Reservation (RestID, DateStart, DateEnd, BuildingLocation, BuildingID) values (60, '2017/12/12', '2018/06/16', '7 Artisan Court', 4);
insert into Reservation (RestID, DateStart, DateEnd, BuildingLocation, BuildingID) values (61, '2018/07/31', '2018/02/18', '2 Petterle Parkway', 3);
insert into Reservation (RestID, DateStart, DateEnd, BuildingLocation, BuildingID) values (62, '2018/06/09', '2018/03/05', '1 Menomonie Avenue', 2);
insert into Reservation (RestID, DateStart, DateEnd, BuildingLocation, BuildingID) values (63, '2018/01/23', '2017/12/05', '683 Mcbride Park', 5);
insert into Reservation (RestID, DateStart, DateEnd, BuildingLocation, BuildingID) values (64, '2018/10/06', '2018/03/05', '45 Stang Parkway', 3);
insert into Reservation (RestID, DateStart, DateEnd, BuildingLocation, BuildingID) values (65, '2018/06/04', '2018/07/12', '296 Mallard Plaza', 3);
insert into Reservation (RestID, DateStart, DateEnd, BuildingLocation, BuildingID) values (66, '2018/06/12', '2018/01/05', '3 New Castle Park', 1);
insert into Reservation (RestID, DateStart, DateEnd, BuildingLocation, BuildingID) values (67, '2018/02/13', '2017/12/11', '9938 Village Plaza', 5);
insert into Reservation (RestID, DateStart, DateEnd, BuildingLocation, BuildingID) values (68, '2018/05/16', '2018/05/08', '59237 Carey Hill', 2);
insert into Reservation (RestID, DateStart, DateEnd, BuildingLocation, BuildingID) values (69, '2017/11/03', '2018/01/13', '158 Forster Lane', 1);
insert into Reservation (RestID, DateStart, DateEnd, BuildingLocation, BuildingID) values (70, '2017/11/08', '2018/04/28', '2 Kedzie Court', 1);
insert into Reservation (RestID, DateStart, DateEnd, BuildingLocation, BuildingID) values (71, '2018/03/12', '2018/03/17', '2 Cardinal Road', 5);
insert into Reservation (RestID, DateStart, DateEnd, BuildingLocation, BuildingID) values (72, '2018/07/31', '2018/09/02', '17363 Lien Crossing', 3);
insert into Reservation (RestID, DateStart, DateEnd, BuildingLocation, BuildingID) values (73, '2017/10/16', '2018/06/25', '134 Hoepker Center', 4);
insert into Reservation (RestID, DateStart, DateEnd, BuildingLocation, BuildingID) values (74, '2018/10/07', '2018/07/04', '06106 Leroy Parkway', 4);
insert into Reservation (RestID, DateStart, DateEnd, BuildingLocation, BuildingID) values (75, '2017/10/14', '2018/08/07', '37 Cardinal Lane', 3);
insert into Reservation (RestID, DateStart, DateEnd, BuildingLocation, BuildingID) values (76, '2017/12/01', '2018/09/16', '46433 Alpine Lane', 3);
insert into Reservation (RestID, DateStart, DateEnd, BuildingLocation, BuildingID) values (77, '2017/11/29', '2018/01/29', '0 Hauk Alley', 2);
insert into Reservation (RestID, DateStart, DateEnd, BuildingLocation, BuildingID) values (78, '2018/01/12', '2018/04/04', '36131 8th Junction', 1);
insert into Reservation (RestID, DateStart, DateEnd, BuildingLocation, BuildingID) values (79, '2018/01/29', '2018/07/02', '16 Graceland Alley', 4);
insert into Reservation (RestID, DateStart, DateEnd, BuildingLocation, BuildingID) values (80, '2018/08/05', '2018/01/11', '5 Springs Court', 2);
insert into Reservation (RestID, DateStart, DateEnd, BuildingLocation, BuildingID) values (81, '2018/07/17', '2018/10/04', '32 Village Green Alley', 1);
insert into Reservation (RestID, DateStart, DateEnd, BuildingLocation, BuildingID) values (82, '2018/04/24', '2018/05/28', '7 Scott Street', 1);
insert into Reservation (RestID, DateStart, DateEnd, BuildingLocation, BuildingID) values (83, '2018/02/28', '2018/05/23', '5 Northridge Street', 4);
insert into Reservation (RestID, DateStart, DateEnd, BuildingLocation, BuildingID) values (84, '2017/11/20', '2018/01/26', '767 Nelson Terrace', 5);
insert into Reservation (RestID, DateStart, DateEnd, BuildingLocation, BuildingID) values (85, '2018/01/21', '2018/02/15', '387 Dahle Point', 1);
insert into Reservation (RestID, DateStart, DateEnd, BuildingLocation, BuildingID) values (86, '2018/05/11', '2017/12/11', '842 3rd Road', 2);
insert into Reservation (RestID, DateStart, DateEnd, BuildingLocation, BuildingID) values (87, '2017/10/27', '2018/06/04', '61 Warner Road', 5);
insert into Reservation (RestID, DateStart, DateEnd, BuildingLocation, BuildingID) values (88, '2018/06/17', '2017/12/25', '4769 Killdeer Hill', 1);
insert into Reservation (RestID, DateStart, DateEnd, BuildingLocation, BuildingID) values (89, '2017/10/20', '2018/02/15', '18581 Ridgeview Crossing', 4);
insert into Reservation (RestID, DateStart, DateEnd, BuildingLocation, BuildingID) values (90, '2018/03/20', '2018/04/16', '47 Superior Hill', 5);
insert into Reservation (RestID, DateStart, DateEnd, BuildingLocation, BuildingID) values (91, '2018/07/17', '2018/06/08', '54 3rd Trail', 3);
insert into Reservation (RestID, DateStart, DateEnd, BuildingLocation, BuildingID) values (92, '2017/11/29', '2018/04/20', '246 Dorton Park', 5);
insert into Reservation (RestID, DateStart, DateEnd, BuildingLocation, BuildingID) values (93, '2018/01/11', '2018/09/04', '163 Annamark Hill', 1);
insert into Reservation (RestID, DateStart, DateEnd, BuildingLocation, BuildingID) values (94, '2018/08/22', '2018/07/02', '416 Transport Plaza', 1);
insert into Reservation (RestID, DateStart, DateEnd, BuildingLocation, BuildingID) values (95, '2018/05/22', '2018/09/22', '458 Montana Hill', 5);
insert into Reservation (RestID, DateStart, DateEnd, BuildingLocation, BuildingID) values (96, '2017/12/23', '2017/11/03', '7763 Dakota Street', 2);
insert into Reservation (RestID, DateStart, DateEnd, BuildingLocation, BuildingID) values (97, '2018/02/15', '2018/06/25', '93 Birchwood Hill', 4);
insert into Reservation (RestID, DateStart, DateEnd, BuildingLocation, BuildingID) values (98, '2018/03/01', '2018/04/24', '605 Iowa Plaza', 5);
insert into Reservation (RestID, DateStart, DateEnd, BuildingLocation, BuildingID) values (99, '2018/07/20', '2018/10/08', '4608 Pepper Wood Circle', 1);
insert into Reservation (RestID, DateStart, DateEnd, BuildingLocation, BuildingID) values (100, '2018/06/06', '2018/09/21', '9254 Pawling Alley', 5);

insert into RoomsReserved (RestID, RoomID) values (24, 67);
insert into RoomsReserved (RestID, RoomID) values (40, 1);
insert into RoomsReserved (RestID, RoomID) values (75, 17);
insert into RoomsReserved (RestID, RoomID) values (92, 78);
insert into RoomsReserved (RestID, RoomID) values (92, 31);
insert into RoomsReserved (RestID, RoomID) values (16, 27);
insert into RoomsReserved (RestID, RoomID) values (6, 74);
insert into RoomsReserved (RestID, RoomID) values (11, 7);
insert into RoomsReserved (RestID, RoomID) values (33, 53);
insert into RoomsReserved (RestID, RoomID) values (93, 44);
insert into RoomsReserved (RestID, RoomID) values (26, 19);
insert into RoomsReserved (RestID, RoomID) values (20, 27);
insert into RoomsReserved (RestID, RoomID) values (65, 13);
insert into RoomsReserved (RestID, RoomID) values (50, 18);
insert into RoomsReserved (RestID, RoomID) values (70, 93);
insert into RoomsReserved (RestID, RoomID) values (14, 39);
insert into RoomsReserved (RestID, RoomID) values (11, 8);
insert into RoomsReserved (RestID, RoomID) values (58, 30);
insert into RoomsReserved (RestID, RoomID) values (76, 62);
insert into RoomsReserved (RestID, RoomID) values (97, 52);
insert into RoomsReserved (RestID, RoomID) values (4, 16);
insert into RoomsReserved (RestID, RoomID) values (5, 94);
insert into RoomsReserved (RestID, RoomID) values (26, 13);
insert into RoomsReserved (RestID, RoomID) values (40, 29);
insert into RoomsReserved (RestID, RoomID) values (80, 91);
insert into RoomsReserved (RestID, RoomID) values (88, 86);
insert into RoomsReserved (RestID, RoomID) values (21, 3);
insert into RoomsReserved (RestID, RoomID) values (46, 38);
insert into RoomsReserved (RestID, RoomID) values (38, 57);
insert into RoomsReserved (RestID, RoomID) values (55, 46);
insert into RoomsReserved (RestID, RoomID) values (10, 32);
insert into RoomsReserved (RestID, RoomID) values (23, 55);
insert into RoomsReserved (RestID, RoomID) values (67, 77);
insert into RoomsReserved (RestID, RoomID) values (12, 17);
insert into RoomsReserved (RestID, RoomID) values (42, 27);
insert into RoomsReserved (RestID, RoomID) values (51, 100);
insert into RoomsReserved (RestID, RoomID) values (36, 29);
insert into RoomsReserved (RestID, RoomID) values (52, 89);
insert into RoomsReserved (RestID, RoomID) values (42, 77);
insert into RoomsReserved (RestID, RoomID) values (15, 11);
insert into RoomsReserved (RestID, RoomID) values (82, 98);
insert into RoomsReserved (RestID, RoomID) values (94, 71);
insert into RoomsReserved (RestID, RoomID) values (89, 41);
insert into RoomsReserved (RestID, RoomID) values (54, 75);
insert into RoomsReserved (RestID, RoomID) values (58, 76);
insert into RoomsReserved (RestID, RoomID) values (40, 63);
insert into RoomsReserved (RestID, RoomID) values (47, 78);
insert into RoomsReserved (RestID, RoomID) values (31, 51);
insert into RoomsReserved (RestID, RoomID) values (84, 9);
insert into RoomsReserved (RestID, RoomID) values (83, 68);
insert into RoomsReserved (RestID, RoomID) values (93, 73);
insert into RoomsReserved (RestID, RoomID) values (24, 42);
insert into RoomsReserved (RestID, RoomID) values (66, 98);
insert into RoomsReserved (RestID, RoomID) values (41, 65);
insert into RoomsReserved (RestID, RoomID) values (91, 91);
insert into RoomsReserved (RestID, RoomID) values (81, 44);
insert into RoomsReserved (RestID, RoomID) values (37, 6);
insert into RoomsReserved (RestID, RoomID) values (32, 18);
insert into RoomsReserved (RestID, RoomID) values (55, 27);
insert into RoomsReserved (RestID, RoomID) values (100, 63);
insert into RoomsReserved (RestID, RoomID) values (46, 13);
insert into RoomsReserved (RestID, RoomID) values (19, 53);
insert into RoomsReserved (RestID, RoomID) values (76, 21);
insert into RoomsReserved (RestID, RoomID) values (50, 13);
insert into RoomsReserved (RestID, RoomID) values (88, 91);
insert into RoomsReserved (RestID, RoomID) values (80, 57);
insert into RoomsReserved (RestID, RoomID) values (55, 32);
insert into RoomsReserved (RestID, RoomID) values (97, 100);
insert into RoomsReserved (RestID, RoomID) values (43, 68);
insert into RoomsReserved (RestID, RoomID) values (96, 36);
insert into RoomsReserved (RestID, RoomID) values (19, 45);
insert into RoomsReserved (RestID, RoomID) values (19, 12);
insert into RoomsReserved (RestID, RoomID) values (17, 17);
insert into RoomsReserved (RestID, RoomID) values (97, 59);
insert into RoomsReserved (RestID, RoomID) values (38, 21);
insert into RoomsReserved (RestID, RoomID) values (33, 76);
insert into RoomsReserved (RestID, RoomID) values (29, 14);
insert into RoomsReserved (RestID, RoomID) values (46, 73);
insert into RoomsReserved (RestID, RoomID) values (41, 40);
insert into RoomsReserved (RestID, RoomID) values (6, 81);
insert into RoomsReserved (RestID, RoomID) values (49, 29);
insert into RoomsReserved (RestID, RoomID) values (23, 53);
insert into RoomsReserved (RestID, RoomID) values (6, 96);
insert into RoomsReserved (RestID, RoomID) values (57, 25);
insert into RoomsReserved (RestID, RoomID) values (38, 7);
insert into RoomsReserved (RestID, RoomID) values (18, 66);
insert into RoomsReserved (RestID, RoomID) values (52, 79);
insert into RoomsReserved (RestID, RoomID) values (2, 56);
insert into RoomsReserved (RestID, RoomID) values (74, 11);
insert into RoomsReserved (RestID, RoomID) values (15, 15);
insert into RoomsReserved (RestID, RoomID) values (13, 38);
insert into RoomsReserved (RestID, RoomID) values (44, 20);
insert into RoomsReserved (RestID, RoomID) values (75, 55);
insert into RoomsReserved (RestID, RoomID) values (43, 77);
insert into RoomsReserved (RestID, RoomID) values (47, 8);
insert into RoomsReserved (RestID, RoomID) values (33, 17);
insert into RoomsReserved (RestID, RoomID) values (88, 49);
insert into RoomsReserved (RestID, RoomID) values (47, 55);
insert into RoomsReserved (RestID, RoomID) values (95, 72);
insert into RoomsReserved (RestID, RoomID) values (50, 76);

insert into Orders (OrderID, OrdCost, OrdTax, PaymentID, CustID, RestID) values (53, '$728.68', '$42.92', 62, 90, 25);
insert into Orders (OrderID, OrdCost, OrdTax, PaymentID, CustID, RestID) values (77, '$319.34', '$22.58', 52, 71, 1);
insert into Orders (OrderID, OrdCost, OrdTax, PaymentID, CustID, RestID) values (44, '$550.88', '$32.10', 61, 81, 12);
insert into Orders (OrderID, OrdCost, OrdTax, PaymentID, CustID, RestID) values (72, '$336.82', '$49.39', 100, 16, 50);
insert into Orders (OrderID, OrdCost, OrdTax, PaymentID, CustID, RestID) values (80, '$385.83', '$22.57', 27, 57, 94);
insert into Orders (OrderID, OrdCost, OrdTax, PaymentID, CustID, RestID) values (80, '$426.98', '$37.62', 91, 86, 22);
insert into Orders (OrderID, OrdCost, OrdTax, PaymentID, CustID, RestID) values (90, '$395.31', '$78.43', 58, 5, 18);
insert into Orders (OrderID, OrdCost, OrdTax, PaymentID, CustID, RestID) values (82, '$221.78', '$57.19', 72, 79, 18);
insert into Orders (OrderID, OrdCost, OrdTax, PaymentID, CustID, RestID) values (80, '$200.48', '$41.12', 72, 18, 93);
insert into Orders (OrderID, OrdCost, OrdTax, PaymentID, CustID, RestID) values (15, '$148.92', '$12.34', 61, 62, 22);
insert into Orders (OrderID, OrdCost, OrdTax, PaymentID, CustID, RestID) values (71, '$815.57', '$13.92', 49, 81, 36);
insert into Orders (OrderID, OrdCost, OrdTax, PaymentID, CustID, RestID) values (4, '$589.76', '$58.72', 14, 51, 91);
insert into Orders (OrderID, OrdCost, OrdTax, PaymentID, CustID, RestID) values (17, '$265.49', '$8.86', 9, 35, 12);
insert into Orders (OrderID, OrdCost, OrdTax, PaymentID, CustID, RestID) values (69, '$99.09', '$44.46', 90, 40, 24);
insert into Orders (OrderID, OrdCost, OrdTax, PaymentID, CustID, RestID) values (43, '$892.06', '$55.56', 59, 42, 29);
insert into Orders (OrderID, OrdCost, OrdTax, PaymentID, CustID, RestID) values (19, '$175.65', '$38.44', 15, 47, 29);
insert into Orders (OrderID, OrdCost, OrdTax, PaymentID, CustID, RestID) values (48, '$496.42', '$95.47', 70, 36, 56);
insert into Orders (OrderID, OrdCost, OrdTax, PaymentID, CustID, RestID) values (84, '$312.04', '$66.98', 65, 13, 27);
insert into Orders (OrderID, OrdCost, OrdTax, PaymentID, CustID, RestID) values (5, '$579.93', '$56.72', 24, 55, 45);
insert into Orders (OrderID, OrdCost, OrdTax, PaymentID, CustID, RestID) values (79, '$16.44', '$66.59', 25, 32, 69);
insert into Orders (OrderID, OrdCost, OrdTax, PaymentID, CustID, RestID) values (65, '$178.37', '$70.73', 9, 29, 63);
insert into Orders (OrderID, OrdCost, OrdTax, PaymentID, CustID, RestID) values (21, '$358.53', '$61.00', 99, 82, 77);
insert into Orders (OrderID, OrdCost, OrdTax, PaymentID, CustID, RestID) values (91, '$671.68', '$10.97', 26, 43, 88);
insert into Orders (OrderID, OrdCost, OrdTax, PaymentID, CustID, RestID) values (91, '$248.97', '$51.45', 19, 92, 47);
insert into Orders (OrderID, OrdCost, OrdTax, PaymentID, CustID, RestID) values (12, '$900.66', '$24.39', 82, 59, 67);
insert into Orders (OrderID, OrdCost, OrdTax, PaymentID, CustID, RestID) values (49, '$153.12', '$15.36', 83, 44, 1);
insert into Orders (OrderID, OrdCost, OrdTax, PaymentID, CustID, RestID) values (33, '$891.34', '$11.66', 20, 51, 46);
insert into Orders (OrderID, OrdCost, OrdTax, PaymentID, CustID, RestID) values (4, '$238.64', '$93.59', 17, 60, 83);
insert into Orders (OrderID, OrdCost, OrdTax, PaymentID, CustID, RestID) values (82, '$70.82', '$88.23', 92, 48, 19);
insert into Orders (OrderID, OrdCost, OrdTax, PaymentID, CustID, RestID) values (68, '$271.98', '$24.30', 41, 54, 97);
insert into Orders (OrderID, OrdCost, OrdTax, PaymentID, CustID, RestID) values (17, '$728.97', '$80.06', 3, 63, 55);
insert into Orders (OrderID, OrdCost, OrdTax, PaymentID, CustID, RestID) values (52, '$793.30', '$92.30', 91, 86, 69);
insert into Orders (OrderID, OrdCost, OrdTax, PaymentID, CustID, RestID) values (19, '$896.97', '$85.01', 41, 77, 63);
insert into Orders (OrderID, OrdCost, OrdTax, PaymentID, CustID, RestID) values (24, '$164.66', '$24.61', 12, 92, 81);
insert into Orders (OrderID, OrdCost, OrdTax, PaymentID, CustID, RestID) values (28, '$736.44', '$44.46', 71, 55, 94);
insert into Orders (OrderID, OrdCost, OrdTax, PaymentID, CustID, RestID) values (75, '$787.73', '$32.74', 58, 41, 96);
insert into Orders (OrderID, OrdCost, OrdTax, PaymentID, CustID, RestID) values (5, '$902.71', '$81.25', 58, 43, 86);
insert into Orders (OrderID, OrdCost, OrdTax, PaymentID, CustID, RestID) values (63, '$688.56', '$19.03', 72, 61, 84);
insert into Orders (OrderID, OrdCost, OrdTax, PaymentID, CustID, RestID) values (57, '$693.24', '$73.95', 18, 22, 51);
insert into Orders (OrderID, OrdCost, OrdTax, PaymentID, CustID, RestID) values (30, '$283.02', '$34.70', 28, 27, 100);
insert into Orders (OrderID, OrdCost, OrdTax, PaymentID, CustID, RestID) values (77, '$271.32', '$69.98', 52, 28, 13);
insert into Orders (OrderID, OrdCost, OrdTax, PaymentID, CustID, RestID) values (94, '$901.19', '$96.61', 79, 87, 99);
insert into Orders (OrderID, OrdCost, OrdTax, PaymentID, CustID, RestID) values (16, '$903.04', '$79.57', 33, 58, 53);
insert into Orders (OrderID, OrdCost, OrdTax, PaymentID, CustID, RestID) values (16, '$670.94', '$57.88', 95, 43, 80);
insert into Orders (OrderID, OrdCost, OrdTax, PaymentID, CustID, RestID) values (98, '$209.40', '$19.49', 79, 35, 57);
insert into Orders (OrderID, OrdCost, OrdTax, PaymentID, CustID, RestID) values (18, '$621.94', '$96.16', 80, 66, 34);
insert into Orders (OrderID, OrdCost, OrdTax, PaymentID, CustID, RestID) values (2, '$197.16', '$48.67', 19, 67, 68);
insert into Orders (OrderID, OrdCost, OrdTax, PaymentID, CustID, RestID) values (7, '$968.76', '$59.30', 67, 32, 45);
insert into Orders (OrderID, OrdCost, OrdTax, PaymentID, CustID, RestID) values (64, '$338.06', '$66.19', 46, 45, 70);
insert into Orders (OrderID, OrdCost, OrdTax, PaymentID, CustID, RestID) values (15, '$332.53', '$28.54', 92, 66, 70);
insert into Orders (OrderID, OrdCost, OrdTax, PaymentID, CustID, RestID) values (62, '$32.92', '$42.65', 17, 84, 3);
insert into Orders (OrderID, OrdCost, OrdTax, PaymentID, CustID, RestID) values (88, '$431.53', '$91.29', 86, 12, 34);
insert into Orders (OrderID, OrdCost, OrdTax, PaymentID, CustID, RestID) values (38, '$210.81', '$19.05', 62, 21, 47);
insert into Orders (OrderID, OrdCost, OrdTax, PaymentID, CustID, RestID) values (80, '$709.05', '$93.48', 96, 88, 86);
insert into Orders (OrderID, OrdCost, OrdTax, PaymentID, CustID, RestID) values (16, '$683.38', '$28.75', 4, 30, 26);
insert into Orders (OrderID, OrdCost, OrdTax, PaymentID, CustID, RestID) values (6, '$509.51', '$99.86', 63, 96, 69);
insert into Orders (OrderID, OrdCost, OrdTax, PaymentID, CustID, RestID) values (86, '$910.39', '$58.53', 81, 42, 77);
insert into Orders (OrderID, OrdCost, OrdTax, PaymentID, CustID, RestID) values (2, '$769.77', '$99.48', 88, 9, 75);
insert into Orders (OrderID, OrdCost, OrdTax, PaymentID, CustID, RestID) values (97, '$492.64', '$74.46', 66, 58, 78);
insert into Orders (OrderID, OrdCost, OrdTax, PaymentID, CustID, RestID) values (23, '$792.37', '$26.11', 52, 55, 2);
insert into Orders (OrderID, OrdCost, OrdTax, PaymentID, CustID, RestID) values (88, '$922.61', '$71.56', 86, 9, 2);
insert into Orders (OrderID, OrdCost, OrdTax, PaymentID, CustID, RestID) values (34, '$266.11', '$32.14', 92, 49, 26);
insert into Orders (OrderID, OrdCost, OrdTax, PaymentID, CustID, RestID) values (96, '$759.01', '$52.11', 51, 44, 82);
insert into Orders (OrderID, OrdCost, OrdTax, PaymentID, CustID, RestID) values (38, '$855.76', '$36.01', 55, 7, 58);
insert into Orders (OrderID, OrdCost, OrdTax, PaymentID, CustID, RestID) values (76, '$516.98', '$73.02', 70, 38, 78);
insert into Orders (OrderID, OrdCost, OrdTax, PaymentID, CustID, RestID) values (25, '$47.58', '$54.57', 29, 32, 33);
insert into Orders (OrderID, OrdCost, OrdTax, PaymentID, CustID, RestID) values (96, '$161.74', '$62.66', 52, 24, 86);
insert into Orders (OrderID, OrdCost, OrdTax, PaymentID, CustID, RestID) values (54, '$379.48', '$37.00', 38, 26, 54);
insert into Orders (OrderID, OrdCost, OrdTax, PaymentID, CustID, RestID) values (32, '$166.14', '$87.11', 14, 47, 38);
insert into Orders (OrderID, OrdCost, OrdTax, PaymentID, CustID, RestID) values (11, '$179.71', '$51.65', 78, 17, 38);
insert into Orders (OrderID, OrdCost, OrdTax, PaymentID, CustID, RestID) values (25, '$829.15', '$74.81', 26, 13, 49);
insert into Orders (OrderID, OrdCost, OrdTax, PaymentID, CustID, RestID) values (73, '$446.78', '$91.53', 42, 34, 60);
insert into Orders (OrderID, OrdCost, OrdTax, PaymentID, CustID, RestID) values (40, '$47.92', '$81.52', 50, 57, 58);
insert into Orders (OrderID, OrdCost, OrdTax, PaymentID, CustID, RestID) values (86, '$671.14', '$84.57', 29, 1, 4);
insert into Orders (OrderID, OrdCost, OrdTax, PaymentID, CustID, RestID) values (79, '$485.64', '$90.91', 5, 46, 39);
insert into Orders (OrderID, OrdCost, OrdTax, PaymentID, CustID, RestID) values (17, '$650.85', '$23.00', 82, 27, 68);
insert into Orders (OrderID, OrdCost, OrdTax, PaymentID, CustID, RestID) values (89, '$118.84', '$91.52', 47, 41, 43);
insert into Orders (OrderID, OrdCost, OrdTax, PaymentID, CustID, RestID) values (10, '$517.42', '$57.30', 16, 51, 44);
insert into Orders (OrderID, OrdCost, OrdTax, PaymentID, CustID, RestID) values (2, '$723.46', '$12.89', 8, 74, 94);
insert into Orders (OrderID, OrdCost, OrdTax, PaymentID, CustID, RestID) values (37, '$473.85', '$0.50', 17, 85, 3);
insert into Orders (OrderID, OrdCost, OrdTax, PaymentID, CustID, RestID) values (96, '$895.33', '$40.35', 42, 28, 67);
insert into Orders (OrderID, OrdCost, OrdTax, PaymentID, CustID, RestID) values (17, '$592.76', '$96.85', 86, 8, 51);
insert into Orders (OrderID, OrdCost, OrdTax, PaymentID, CustID, RestID) values (63, '$596.92', '$44.62', 80, 22, 91);
insert into Orders (OrderID, OrdCost, OrdTax, PaymentID, CustID, RestID) values (68, '$569.33', '$44.72', 88, 2, 33);
insert into Orders (OrderID, OrdCost, OrdTax, PaymentID, CustID, RestID) values (20, '$756.65', '$94.95', 36, 24, 100);
insert into Orders (OrderID, OrdCost, OrdTax, PaymentID, CustID, RestID) values (13, '$151.27', '$78.62', 59, 95, 1);
insert into Orders (OrderID, OrdCost, OrdTax, PaymentID, CustID, RestID) values (84, '$720.19', '$10.32', 18, 26, 46);
insert into Orders (OrderID, OrdCost, OrdTax, PaymentID, CustID, RestID) values (54, '$416.01', '$85.68', 50, 76, 4);
insert into Orders (OrderID, OrdCost, OrdTax, PaymentID, CustID, RestID) values (25, '$378.91', '$32.46', 83, 13, 62);
insert into Orders (OrderID, OrdCost, OrdTax, PaymentID, CustID, RestID) values (65, '$745.62', '$4.96', 30, 15, 84);
insert into Orders (OrderID, OrdCost, OrdTax, PaymentID, CustID, RestID) values (12, '$947.16', '$91.72', 77, 26, 12);
insert into Orders (OrderID, OrdCost, OrdTax, PaymentID, CustID, RestID) values (96, '$816.32', '$25.76', 98, 82, 46);
insert into Orders (OrderID, OrdCost, OrdTax, PaymentID, CustID, RestID) values (36, '$911.83', '$15.58', 9, 88, 2);
insert into Orders (OrderID, OrdCost, OrdTax, PaymentID, CustID, RestID) values (27, '$257.02', '$73.94', 6, 38, 72);
insert into Orders (OrderID, OrdCost, OrdTax, PaymentID, CustID, RestID) values (38, '$337.72', '$92.12', 9, 21, 17);
insert into Orders (OrderID, OrdCost, OrdTax, PaymentID, CustID, RestID) values (47, '$300.84', '$59.12', 39, 8, 12);
insert into Orders (OrderID, OrdCost, OrdTax, PaymentID, CustID, RestID) values (32, '$108.11', '$55.48', 91, 87, 60);
insert into Orders (OrderID, OrdCost, OrdTax, PaymentID, CustID, RestID) values (68, '$299.74', '$54.49', 41, 81, 18);
insert into Orders (OrderID, OrdCost, OrdTax, PaymentID, CustID, RestID) values (44, '$822.39', '$82.94', 50, 61, 88);
insert into Orders (OrderID, OrdCost, OrdTax, PaymentID, CustID, RestID) values (47, '$192.97', '$42.33', 12, 22, 30);

insert into ProductsForOrder (OrderID, PrdID) values (53, 2);
insert into ProductsForOrder (OrderID, PrdID) values (94, 28);
insert into ProductsForOrder (OrderID, PrdID) values (90, 46);
insert into ProductsForOrder (OrderID, PrdID) values (96, 93);
insert into ProductsForOrder (OrderID, PrdID) values (59, 14);
insert into ProductsForOrder (OrderID, PrdID) values (89, 81);
insert into ProductsForOrder (OrderID, PrdID) values (16, 59);
insert into ProductsForOrder (OrderID, PrdID) values (9, 30);
insert into ProductsForOrder (OrderID, PrdID) values (67, 89);
insert into ProductsForOrder (OrderID, PrdID) values (17, 37);
insert into ProductsForOrder (OrderID, PrdID) values (88, 62);
insert into ProductsForOrder (OrderID, PrdID) values (57, 58);
insert into ProductsForOrder (OrderID, PrdID) values (22, 15);
insert into ProductsForOrder (OrderID, PrdID) values (24, 60);
insert into ProductsForOrder (OrderID, PrdID) values (62, 48);
insert into ProductsForOrder (OrderID, PrdID) values (45, 12);
insert into ProductsForOrder (OrderID, PrdID) values (62, 50);
insert into ProductsForOrder (OrderID, PrdID) values (84, 51);
insert into ProductsForOrder (OrderID, PrdID) values (56, 35);
insert into ProductsForOrder (OrderID, PrdID) values (66, 18);
insert into ProductsForOrder (OrderID, PrdID) values (51, 44);
insert into ProductsForOrder (OrderID, PrdID) values (64, 91);
insert into ProductsForOrder (OrderID, PrdID) values (52, 76);
insert into ProductsForOrder (OrderID, PrdID) values (69, 15);
insert into ProductsForOrder (OrderID, PrdID) values (62, 46);
insert into ProductsForOrder (OrderID, PrdID) values (88, 53);
insert into ProductsForOrder (OrderID, PrdID) values (55, 98);
insert into ProductsForOrder (OrderID, PrdID) values (8, 46);
insert into ProductsForOrder (OrderID, PrdID) values (27, 20);
insert into ProductsForOrder (OrderID, PrdID) values (72, 32);
insert into ProductsForOrder (OrderID, PrdID) values (4, 70);
insert into ProductsForOrder (OrderID, PrdID) values (70, 84);
insert into ProductsForOrder (OrderID, PrdID) values (31, 10);
insert into ProductsForOrder (OrderID, PrdID) values (18, 24);
insert into ProductsForOrder (OrderID, PrdID) values (82, 94);
insert into ProductsForOrder (OrderID, PrdID) values (14, 12);
insert into ProductsForOrder (OrderID, PrdID) values (18, 13);
insert into ProductsForOrder (OrderID, PrdID) values (94, 22);
insert into ProductsForOrder (OrderID, PrdID) values (16, 65);
insert into ProductsForOrder (OrderID, PrdID) values (96, 30);
insert into ProductsForOrder (OrderID, PrdID) values (63, 40);
insert into ProductsForOrder (OrderID, PrdID) values (95, 70);
insert into ProductsForOrder (OrderID, PrdID) values (17, 82);
insert into ProductsForOrder (OrderID, PrdID) values (93, 47);
insert into ProductsForOrder (OrderID, PrdID) values (80, 47);
insert into ProductsForOrder (OrderID, PrdID) values (44, 93);
insert into ProductsForOrder (OrderID, PrdID) values (97, 49);
insert into ProductsForOrder (OrderID, PrdID) values (72, 67);
insert into ProductsForOrder (OrderID, PrdID) values (30, 27);
insert into ProductsForOrder (OrderID, PrdID) values (98, 43);
insert into ProductsForOrder (OrderID, PrdID) values (32, 84);
insert into ProductsForOrder (OrderID, PrdID) values (21, 56);
insert into ProductsForOrder (OrderID, PrdID) values (34, 18);
insert into ProductsForOrder (OrderID, PrdID) values (54, 80);
insert into ProductsForOrder (OrderID, PrdID) values (3, 25);
insert into ProductsForOrder (OrderID, PrdID) values (75, 52);
insert into ProductsForOrder (OrderID, PrdID) values (12, 39);
insert into ProductsForOrder (OrderID, PrdID) values (26, 23);
insert into ProductsForOrder (OrderID, PrdID) values (97, 72);
insert into ProductsForOrder (OrderID, PrdID) values (12, 45);
insert into ProductsForOrder (OrderID, PrdID) values (21, 63);
insert into ProductsForOrder (OrderID, PrdID) values (64, 20);
insert into ProductsForOrder (OrderID, PrdID) values (55, 43);
insert into ProductsForOrder (OrderID, PrdID) values (93, 60);
insert into ProductsForOrder (OrderID, PrdID) values (24, 79);
insert into ProductsForOrder (OrderID, PrdID) values (24, 92);
insert into ProductsForOrder (OrderID, PrdID) values (93, 90);
insert into ProductsForOrder (OrderID, PrdID) values (78, 26);
insert into ProductsForOrder (OrderID, PrdID) values (7, 53);
insert into ProductsForOrder (OrderID, PrdID) values (59, 44);
insert into ProductsForOrder (OrderID, PrdID) values (66, 84);
insert into ProductsForOrder (OrderID, PrdID) values (64, 69);
insert into ProductsForOrder (OrderID, PrdID) values (83, 60);
insert into ProductsForOrder (OrderID, PrdID) values (8, 72);
insert into ProductsForOrder (OrderID, PrdID) values (83, 52);
insert into ProductsForOrder (OrderID, PrdID) values (61, 21);
insert into ProductsForOrder (OrderID, PrdID) values (28, 13);
insert into ProductsForOrder (OrderID, PrdID) values (68, 91);
insert into ProductsForOrder (OrderID, PrdID) values (25, 1);
insert into ProductsForOrder (OrderID, PrdID) values (19, 87);
insert into ProductsForOrder (OrderID, PrdID) values (29, 11);
insert into ProductsForOrder (OrderID, PrdID) values (87, 50);
insert into ProductsForOrder (OrderID, PrdID) values (8, 6);
insert into ProductsForOrder (OrderID, PrdID) values (85, 66);
insert into ProductsForOrder (OrderID, PrdID) values (57, 44);
insert into ProductsForOrder (OrderID, PrdID) values (13, 26);
insert into ProductsForOrder (OrderID, PrdID) values (57, 38);
insert into ProductsForOrder (OrderID, PrdID) values (84, 17);
insert into ProductsForOrder (OrderID, PrdID) values (74, 2);
insert into ProductsForOrder (OrderID, PrdID) values (60, 69);
insert into ProductsForOrder (OrderID, PrdID) values (67, 92);
insert into ProductsForOrder (OrderID, PrdID) values (68, 67);
insert into ProductsForOrder (OrderID, PrdID) values (50, 73);
insert into ProductsForOrder (OrderID, PrdID) values (65, 16);
insert into ProductsForOrder (OrderID, PrdID) values (64, 58);
insert into ProductsForOrder (OrderID, PrdID) values (73, 84);
insert into ProductsForOrder (OrderID, PrdID) values (44, 55);
insert into ProductsForOrder (OrderID, PrdID) values (82, 52);
insert into ProductsForOrder (OrderID, PrdID) values (52, 11);
insert into ProductsForOrder (OrderID, PrdID) values (43, 57);



